cod_elec,type_elec,date_elec,turn,cod_INE_prov,cod_mun_district,cod_INE_mun,id_candidacies,order,holder,name,surname,sex,id_card,elected
03,senate,1977-06-15,1,04,9,006,000008,6,TRUE,VICENTE GONZALEZ AZNAR,, ,0000000000,FALSE
03,senate,1977-06-15,1,04,9,009,000008,9,TRUE,EMILIO MARIN DE BURGOS,, ,0000000000,FALSE
03,senate,1977-06-15,1,04,9,011,000008,11,TRUE,ANTONIO MORENO MARTIN,, ,0000000000,FALSE
03,senate,1977-06-15,1,04,9,001,000009,1,TRUE,ANTONIO ANDUJAR RODRIGUEZ,, ,0000000000,FALSE
03,senate,1977-06-15,1,04,9,015,000009,15,TRUE,RAFAEL VICIANA ARAEZ,, ,0000000000,FALSE
03,senate,1977-06-15,1,04,9,016,000009,16,TRUE,MIGUEL VIZCAINO MARQUEZ,, ,0000000000,FALSE
03,senate,1977-06-15,1,04,9,007,000012,7,TRUE,ANGEL MARIA DE LERA GARCI,A, ,0000000000,FALSE
03,senate,1977-06-15,1,04,9,010,000012,10,TRUE,FRANCISCO MEDINA SANCHEZ,, ,0000000000,FALSE
03,senate,1977-06-15,1,04,9,014,000012,14,TRUE,MANUEL RODRIGUEZ DE SORIA,, ,0000000000,FALSE
03,senate,1977-06-15,1,04,9,005,000033,5,TRUE,FRANCISCO GALDEANO FERNAN,DEZ, ,0000000000,FALSE
03,senate,1977-06-15,1,04,9,002,000087,2,TRUE,JESUS DURBAN REMON,, ,0000000000,TRUE
03,senate,1977-06-15,1,04,9,004,000087,4,TRUE,JOSE FERNANDEZ ALEMAN,, ,0000000000,TRUE
03,senate,1977-06-15,1,04,9,013,000087,13,TRUE,MANUEL DE OÑA IRIBARNE,, ,0000000000,TRUE
03,senate,1977-06-15,1,04,9,003,000093,3,TRUE,EMILIO ESTEBAN HANZA,, ,0000000000,FALSE
03,senate,1977-06-15,1,04,9,008,000093,8,TRUE,ANGEL LOPEZ MASEGOSA,, ,0000000000,FALSE
03,senate,1977-06-15,1,04,9,012,000093,12,TRUE,JOAQUIN NAVARRO ESTEBAN,, ,0000000000,TRUE
03,senate,1977-06-15,1,11,9,005,000006,5,TRUE,JUAN LUIS BANDRES GUERRER,O, ,0000000000,FALSE
03,senate,1977-06-15,1,11,9,003,000009,3,TRUE,JOSE ARELLANO CAMPOS,, ,0000000000,FALSE
03,senate,1977-06-15,1,11,9,011,000009,11,TRUE,URBANO HERRERO MARTOS,, ,0000000000,FALSE
03,senate,1977-06-15,1,11,9,013,000009,13,TRUE,ANTONIO LEON MANJON,, ,0000000000,FALSE
03,senate,1977-06-15,1,11,9,019,000033,19,TRUE,JOSE JULIO VELEZ NOGUERA,, ,0000000000,FALSE
03,senate,1977-06-15,1,11,9,001,000035,1,TRUE,JERONIMO ALMAGRO Y MONTES,DE OCA, ,0000000000,FALSE
03,senate,1977-06-15,1,11,9,004,000035,4,TRUE,EDUARDO BALLESTERO MORALE,S, ,0000000000,FALSE
03,senate,1977-06-15,1,11,9,016,000035,16,TRUE,FERNANDO PORRO GUERRERO,, ,0000000000,FALSE
03,senate,1977-06-15,1,11,9,008,000084,8,TRUE,ANTONIO CRUCES PEREZ,, ,0000000000,FALSE
03,senate,1977-06-15,1,11,9,012,000084,12,TRUE,INOCENCIO LEON CANTERO,, ,0000000000,FALSE
03,senate,1977-06-15,1,11,9,017,000084,17,TRUE,MIGUEL ROURE LINHOFF,, ,0000000000,FALSE
03,senate,1977-06-15,1,11,9,007,000087,7,TRUE,ANTONIO CORTES SABARIEGO,, ,0000000000,TRUE
03,senate,1977-06-15,1,11,9,014,000087,14,TRUE,JUAN MORALES SANCHEZ,, ,0000000000,FALSE
03,senate,1977-06-15,1,11,9,020,000087,20,TRUE,JOSE LUIS VILLAR CERON,, ,0000000000,FALSE
03,senate,1977-06-15,1,11,9,006,000091,6,TRUE,JOSE BOHORQUEZ MORA FIGUE,ROA, ,0000000000,FALSE
03,senate,1977-06-15,1,11,9,018,000091,18,TRUE,FRANCISCO SANCHEZ COSSIO,Y VELEZ, ,0000000000,FALSE
03,senate,1977-06-15,1,11,9,002,000094,2,TRUE,GUILLERMO ALONSO DEL REAL,MONTES, ,0000000000,TRUE
03,senate,1977-06-15,1,11,9,009,000094,9,TRUE,JOSE MANUEL DUARTE CENDAN,, ,0000000000,TRUE
03,senate,1977-06-15,1,11,9,010,000094,10,TRUE,PATRICIO GUTIERREZ CANO,, ,0000000000,TRUE
03,senate,1977-06-15,1,11,9,015,000095,15,TRUE,CARMEN PINEDO SANCHEZ,, ,0000000000,FALSE
03,senate,1977-06-15,1,14,9,003,000009,3,TRUE,ANTONIO CRUZ CONDE Y COND,E, ,0000000000,FALSE
03,senate,1977-06-15,1,14,9,007,000009,7,TRUE,JOSE JAEN BONILLA,, ,0000000000,FALSE
03,senate,1977-06-15,1,14,9,018,000009,18,TRUE,ALFONSO VERA VEGA,, ,0000000000,FALSE
03,senate,1977-06-15,1,14,9,015,000033,15,TRUE,MANUEL PEREZ PEREZ,, ,0000000000,FALSE
03,senate,1977-06-15,1,14,9,008,000062,8,TRUE,JOSE JUAN LOPEZ GAVILAN,, ,0000000000,FALSE
03,senate,1977-06-15,1,14,9,002,000078,2,TRUE,MATIAS CAMACHO LLORIZ,, ,0000000000,TRUE
03,senate,1977-06-15,1,14,9,006,000078,6,TRUE,MANUEL GRACIA NAVARRO,, ,0000000000,TRUE
03,senate,1977-06-15,1,14,9,011,000078,11,TRUE,JOAQUIN MARTINEZ BJORKMAN,, ,0000000000,TRUE
03,senate,1977-06-15,1,14,9,019,000080,19,TRUE,ANTONIO ZURITA DE JULIAN,, ,0000000000,FALSE
03,senate,1977-06-15,1,14,9,013,000084,13,TRUE,FRANCISCO MUÑOZ TORRALBO,, ,0000000000,FALSE
03,senate,1977-06-15,1,14,9,014,000084,14,TRUE,DIEGO JESUS PEREZ MORA,, ,0000000000,FALSE
03,senate,1977-06-15,1,14,9,004,000087,4,TRUE,JOSE LUIS FERNANDEZ DE CA,STILLEJO Y ALGABA, ,0000000000,FALSE
03,senate,1977-06-15,1,14,9,010,000087,10,TRUE,MIGUEL MANZANARES LOPEZ,, ,0000000000,FALSE
03,senate,1977-06-15,1,14,9,017,000087,17,TRUE,CECILIO VALVERDE MAZUELAS,, ,0000000000,TRUE
03,senate,1977-06-15,1,14,9,001,000096,1,TRUE,JOSE AUMENTE BAENA,, ,0000000000,FALSE
03,senate,1977-06-15,1,14,9,012,000097,12,TRUE,MARIA PETRA MARTINEZ RENI,EBLAS, ,0000000000,FALSE
03,senate,1977-06-15,1,14,9,005,000098,5,TRUE,JOAQUIN GOMEZ CHAPARRO,, ,0000000000,FALSE
03,senate,1977-06-15,1,14,9,009,000098,9,TRUE,MANUEL LUQUE LUCENA,, ,0000000000,FALSE
03,senate,1977-06-15,1,14,9,016,000098,16,TRUE,JOSE MARIA SICILIA POVEDA,NO, ,0000000000,FALSE
03,senate,1977-06-15,1,18,9,005,000008,5,TRUE,JUAN ANDRES CAPOTE FERNAN,DEZ, ,0000000000,FALSE
03,senate,1977-06-15,1,18,9,006,000008,6,TRUE,MATILDE CARDELL CAÑADAS,, ,0000000000,FALSE
03,senate,1977-06-15,1,18,9,009,000008,9,TRUE,MANUEL GOMEZ URIBARRI LOP,EZ-CUERVO, ,0000000000,FALSE
03,senate,1977-06-15,1,18,9,001,000009,1,TRUE,ALFONSO CARLOS ANDRADA VA,NDERWILE Y BARRAUTE, ,0000000000,FALSE
03,senate,1977-06-15,1,18,9,007,000009,7,TRUE,JOSE CONTRERAS GONZALEZ-A,NLEO, ,0000000000,FALSE
03,senate,1977-06-15,1,18,9,015,000009,15,TRUE,RAMON ORTI LOPEZ-BARAJAS,, ,0000000000,FALSE
03,senate,1977-06-15,1,18,9,020,000033,20,TRUE,CARLOS MANUEL VILLARREAL,VALERO, ,0000000000,FALSE
03,senate,1977-06-15,1,18,9,002,000059,2,TRUE,CARMEN BELTRAN  ESTEBAN,, ,0000000000,FALSE
03,senate,1977-06-15,1,18,9,013,000059,13,TRUE,JOSE LUIS MUÑOZ ROLDAN,, ,0000000000,FALSE
03,senate,1977-06-15,1,18,9,017,000059,17,TRUE,JOSE MARIA SERRANO RINCON,, ,0000000000,FALSE
03,senate,1977-06-15,1,18,9,008,000084,8,TRUE,ADOLFO GALAN GORDILLO,, ,0000000000,FALSE
03,senate,1977-06-15,1,18,9,019,000084,19,TRUE,SAGRARIO VIDAL ZAMORA,, ,0000000000,FALSE
03,senate,1977-06-15,1,18,9,004,000087,4,TRUE,RAFAEL BELLVIS PORRAS,, ,0000000000,FALSE
03,senate,1977-06-15,1,18,9,010,000087,10,TRUE,ANTONIO JIMENEZ BLANCO,, ,0000000000,TRUE
03,senate,1977-06-15,1,18,9,012,000087,12,TRUE,GERARDO MOREU MIRASOL,, ,0000000000,FALSE
03,senate,1977-06-15,1,18,9,014,000087,14,TRUE,MIGUEL OLMEDO MORENO,, ,0000000000,FALSE
03,senate,1977-06-15,1,18,9,003,000099,3,TRUE,NICOLAS DE BENITO CEBRIAN,, ,0000000000,TRUE
03,senate,1977-06-15,1,18,9,011,000099,11,TRUE,JUAN LOPEZ MARTOS,, ,0000000000,TRUE
03,senate,1977-06-15,1,18,9,018,000099,18,TRUE,JOSE VIDA SORIA,, ,0000000000,TRUE
03,senate,1977-06-15,1,18,9,016,000100,16,TRUE,JOSE MARIA ROSALES DE ANG,ULO, ,0000000000,FALSE
03,senate,1977-06-15,1,21,9,010,000009,10,TRUE,JUAN GONZALO Y VARA,, ,0000000000,FALSE
03,senate,1977-06-15,1,21,9,013,000009,13,TRUE,ANTONIO MACHADO MORA,, ,0000000000,FALSE
03,senate,1977-06-15,1,21,9,014,000009,14,TRUE,FELIPE MARTINEZ DE ACUÑA,, ,0000000000,FALSE
03,senate,1977-06-15,1,21,9,006,000012,6,TRUE,ANTONIO GARCIA OLIVARES,, ,0000000000,FALSE
03,senate,1977-06-15,1,21,9,008,000033,8,TRUE,RAFAEL GONZALEZ BIEDMA,, ,0000000000,FALSE
03,senate,1977-06-15,1,21,9,002,000062,2,TRUE,MANUEL DEL CASTILLO COBO,, ,0000000000,FALSE
03,senate,1977-06-15,1,21,9,009,000078,9,TRUE,JOSE GONZALEZ GASTAÑAGA,, ,0000000000,TRUE
03,senate,1977-06-15,1,21,9,016,000078,16,TRUE,MANUEL JESUS PASTOR HERRE,RA, ,0000000000,FALSE
03,senate,1977-06-15,1,21,9,018,000078,18,TRUE,MIGUEL CARLOS RODRIGUEZ-P,IÑERO BRAVO FERRER, ,0000000000,FALSE
03,senate,1977-06-15,1,21,9,001,000084,1,TRUE,CRISTOBAL BATANERO BRAVO,, ,0000000000,FALSE
03,senate,1977-06-15,1,21,9,011,000084,11,TRUE,RAFAEL GUISADO RUFINO,, ,0000000000,FALSE
03,senate,1977-06-15,1,21,9,015,000084,15,TRUE,JAIME NAVASCUES PALACIOS,, ,0000000000,FALSE
03,senate,1977-06-15,1,21,9,004,000087,4,TRUE,MIGUEL ESTEBAN MARTIN,, ,0000000000,TRUE
03,senate,1977-06-15,1,21,9,007,000087,7,TRUE,JOSE LUIS GARCIA PALACIOS,, ,0000000000,TRUE
03,senate,1977-06-15,1,21,9,012,000087,12,TRUE,ANTONIO HERNANDEZ CAIRE,, ,0000000000,TRUE
03,senate,1977-06-15,1,21,9,003,000097,3,TRUE,JUAN JOSE DOMINGUEZ JIMEN,EZ, ,0000000000,FALSE
03,senate,1977-06-15,1,21,9,005,000097,5,TRUE,RAFAEL FRANCO SANTOS,, ,0000000000,FALSE
03,senate,1977-06-15,1,21,9,017,000097,17,TRUE,RAFAEL PEREZ MAQUEDA,, ,0000000000,FALSE
03,senate,1977-06-15,1,21,9,019,000101,19,TRUE,ANDRES BRUNO ROMERO MANTE,RO, ,0000000000,FALSE
03,senate,1977-06-15,1,23,9,014,000009,14,TRUE,MIGUEL SANCHEZ DIAZ,, ,0000000000,FALSE
03,senate,1977-06-15,1,23,9,015,000009,15,TRUE,MIGUEL SANCHEZ-CAÑETE SAL,AZAR, ,0000000000,FALSE
03,senate,1977-06-15,1,23,9,017,000009,17,TRUE,FRANCISCO VAZQUEZ GARRIDO,, ,0000000000,FALSE
03,senate,1977-06-15,1,23,9,008,000020,8,TRUE,EDUARDO MORENO MARTINEZ,, ,0000000000,FALSE
03,senate,1977-06-15,1,23,9,004,000033,4,TRUE,RAMON CASADO MONTILLA,, ,0000000000,FALSE
03,senate,1977-06-15,1,23,9,011,000060,11,TRUE,LUIS RAMIREZ PLAZA,, ,0000000000,FALSE
03,senate,1977-06-15,1,23,9,003,000062,3,TRUE,DIEGO CARRASCO MASDEU,, ,0000000000,FALSE
03,senate,1977-06-15,1,23,9,012,000062,12,TRUE,JOSE MARIA ROLDAN MARTINE,Z, ,0000000000,FALSE
03,senate,1977-06-15,1,23,9,013,000062,13,TRUE,MIGUEL RUIZ MARTIN,, ,0000000000,FALSE
03,senate,1977-06-15,1,23,9,005,000078,5,TRUE,JUAN JOSE CONTRERAS GUARD,IA, ,0000000000,TRUE
03,senate,1977-06-15,1,23,9,007,000078,7,TRUE,PEDRO LUIS MARTINEZ MARTI,NEZ, ,0000000000,TRUE
03,senate,1977-06-15,1,23,9,018,000078,18,TRUE,JUAN ZARRIAS JAREÑO,, ,0000000000,TRUE
03,senate,1977-06-15,1,23,9,006,000087,6,TRUE,PEDRO MANUEL DAMAS RICO,, ,0000000000,TRUE
03,senate,1977-06-15,1,23,9,010,000087,10,TRUE,FERNANDO PASTOR BUENO,, ,0000000000,FALSE
03,senate,1977-06-15,1,23,9,016,000087,16,TRUE,RAFAEL SORIA SALES,, ,0000000000,FALSE
03,senate,1977-06-15,1,23,9,001,000091,1,TRUE,FERNANDO ARENAS DEL BUEY,, ,0000000000,FALSE
03,senate,1977-06-15,1,23,9,002,000091,2,TRUE,JOSE BAUTISTA DE LA TORRE,, ,0000000000,FALSE
03,senate,1977-06-15,1,23,9,009,000101,9,TRUE,PILAR PALAZON PALAZON,, ,0000000000,FALSE
03,senate,1977-06-15,1,29,9,012,000006,12,TRUE,JUAN PEREZ ALHAMA,, ,0000000000,FALSE
03,senate,1977-06-15,1,29,9,001,000009,1,TRUE,JOSE ATENCIA GARCIA,, ,0000000000,FALSE
03,senate,1977-06-15,1,29,9,006,000009,6,TRUE,JOSE GARCIA CASTILLO,, ,0000000000,FALSE
03,senate,1977-06-15,1,29,9,019,000009,19,TRUE,JOSE UTRERA MOLINA,, ,0000000000,FALSE
03,senate,1977-06-15,1,29,9,014,000012,14,TRUE,ANGEL ROJAS HERRERA,, ,0000000000,FALSE
03,senate,1977-06-15,1,29,9,016,000012,16,TRUE,JOSE MARIA RUBIO DEL CAST,ILLO, ,0000000000,FALSE
03,senate,1977-06-15,1,29,9,008,000032,8,TRUE,ANTONIO GARCIA GARRIDO,, ,0000000000,FALSE
03,senate,1977-06-15,1,29,9,015,000032,15,TRUE,JOSE ANTONIO ROMERO FERNA,NDEZ, ,0000000000,FALSE
03,senate,1977-06-15,1,29,9,018,000032,18,TRUE,LUIS TEMBOURY VILLAREJO,, ,0000000000,FALSE
03,senate,1977-06-15,1,29,9,010,000033,10,TRUE,ANTONIO LUQUE LOPEZ,, ,0000000000,FALSE
03,senate,1977-06-15,1,29,9,004,000059,4,TRUE,ENRIQUE CORTES GOMEZ,, ,0000000000,FALSE
03,senate,1977-06-15,1,29,9,013,000059,13,TRUE,MIGUEL PEREZ RUIZ,, ,0000000000,FALSE
03,senate,1977-06-15,1,29,9,017,000059,17,TRUE,MARIA ADELA RUIZ FERNANDE,Z, ,0000000000,FALSE
03,senate,1977-06-15,1,29,9,003,000084,3,TRUE,JOSE ANTONIO BUSTOS LOPEZ,, ,0000000000,FALSE
03,senate,1977-06-15,1,29,9,005,000087,5,TRUE,JOSE IGNACIO FERNANDEZ BE,RGILLOS, ,0000000000,FALSE
03,senate,1977-06-15,1,29,9,020,000087,20,TRUE,CAYETANO UTRERA RAVASSA,, ,0000000000,FALSE
03,senate,1977-06-15,1,29,9,021,000087,21,TRUE,FRANCISCO VILLODRES GARCI,A, ,0000000000,TRUE
03,senate,1977-06-15,1,29,9,009,000101,9,TRUE,JOSE GONZALEZ-DELEITO Y D,OMINGO, ,0000000000,FALSE
03,senate,1977-06-15,1,29,9,002,000103,2,TRUE,ENRIQUE BRINKMANN PARARED,A, ,0000000000,TRUE
03,senate,1977-06-15,1,29,9,007,000103,7,TRUE,ANTONIO GARCIA DUARTE,, ,0000000000,TRUE
03,senate,1977-06-15,1,29,9,011,000103,11,TRUE,BRAULIO MURIEL LOPEZ,, ,0000000000,TRUE
03,senate,1977-06-15,1,41,9,005,000008,5,TRUE,FRANCISCO ELIAS DE TEJADA,SPINOLA, ,0000000000,FALSE
03,senate,1977-06-15,1,41,9,014,000008,14,TRUE,RAMON GUZMAN GUERRERO,, ,0000000000,FALSE
03,senate,1977-06-15,1,41,9,017,000008,17,TRUE,MANUEL LUCIANO MARISCAL A,NGULO, ,0000000000,FALSE
03,senate,1977-06-15,1,41,9,019,000008,19,TRUE,JOSE MARIA DEL NIDO BORRE,GO, ,0000000000,FALSE
03,senate,1977-06-15,1,41,9,016,000009,16,TRUE,JOSE MARIA LACAVE Y DE ES,CALERA, ,0000000000,FALSE
03,senate,1977-06-15,1,41,9,029,000009,29,TRUE,FRANCISCO SANCHEZ-APELLAN,IZ VALDERRAMA, ,0000000000,FALSE
03,senate,1977-06-15,1,41,9,030,000009,30,TRUE,ISACIO SIGUERO ZURDO,, ,0000000000,FALSE
03,senate,1977-06-15,1,41,9,007,000012,7,TRUE,JOSE ESTRADA PARRA,, ,0000000000,FALSE
03,senate,1977-06-15,1,41,9,012,000032,12,TRUE,MIGUEL GIMENEZ CLAVIJO,, ,0000000000,FALSE
03,senate,1977-06-15,1,41,9,015,000033,15,TRUE,TOMAS IGLESIAS PEREZ,, ,0000000000,FALSE
03,senate,1977-06-15,1,41,9,002,000059,2,TRUE,JUAN CASAS GOMEZ,, ,0000000000,FALSE
03,senate,1977-06-15,1,41,9,023,000059,23,TRUE,FRANCISCO RIVERO TRISTANC,HO, ,0000000000,FALSE
03,senate,1977-06-15,1,41,9,024,000059,24,TRUE,JOSE RODRIGUEZ SANDOVAL,, ,0000000000,FALSE
03,senate,1977-06-15,1,41,9,004,000062,4,TRUE,MANUEL DELICADO MUÑOZ,, ,0000000000,FALSE
03,senate,1977-06-15,1,41,9,025,000062,25,TRUE,AMPARO RUBIALES TORREJON,, ,0000000000,FALSE
03,senate,1977-06-15,1,41,9,027,000062,27,TRUE,EDUARDO SABORIDO GALAN,, ,0000000000,FALSE
03,senate,1977-06-15,1,41,9,018,000068,18,TRUE,FELIX MONEDERO GIL,, ,0000000000,FALSE
03,senate,1977-06-15,1,41,9,008,000078,8,TRUE,JOSE PLACIDO FERNANDEZ VI,AGAS, ,0000000000,TRUE
03,senate,1977-06-15,1,41,9,011,000078,11,TRUE,FRANCISCO GARCIA BORBOLLA,CANDILEJOS, ,0000000000,TRUE
03,senate,1977-06-15,1,41,9,021,000078,21,TRUE,JOSE DE LA PEÑA CAMARA,, ,0000000000,TRUE
03,senate,1977-06-15,1,41,9,003,000084,3,TRUE,JOSE CASTILLA CAÑETE,, ,0000000000,FALSE
03,senate,1977-06-15,1,41,9,006,000084,6,TRUE,EMILIO ESPINOSA DIAZ,, ,0000000000,FALSE
03,senate,1977-06-15,1,41,9,010,000084,10,TRUE,MANUEL GANDIA EXPOSITO,, ,0000000000,FALSE
03,senate,1977-06-15,1,41,9,009,000087,9,TRUE,ANTONIO FONTAN PEREZ,, ,0000000000,TRUE
03,senate,1977-06-15,1,41,9,013,000087,13,TRUE,FAUSTINO GUTIERREZ ALVIZ,Y ARMARIO, ,0000000000,FALSE
03,senate,1977-06-15,1,41,9,020,000087,20,TRUE,MANUEL OTERO LUNA,, ,0000000000,FALSE
03,senate,1977-06-15,1,41,9,026,000091,26,TRUE,SALVADOR RUS VELAZQUEZ,, ,0000000000,FALSE
03,senate,1977-06-15,1,41,9,028,000091,28,TRUE,FRANCISCO SANABRIA ESCUDE,RO, ,0000000000,FALSE
03,senate,1977-06-15,1,41,9,001,000100,1,TRUE,JUAN CARLOS AGUILAR MOREN,O, ,0000000000,FALSE
03,senate,1977-06-15,1,41,9,022,000100,22,TRUE,EMILIO PEREZ RUIZ,, ,0000000000,FALSE
03,senate,1977-06-15,1,22,9,005,000009,5,TRUE,ANTONIO BELLO LASIERRA,, ,0000000000,FALSE
03,senate,1977-06-15,1,22,9,010,000009,10,TRUE,JOSE MARIA FERRER MORA,, ,0000000000,FALSE
03,senate,1977-06-15,1,22,9,013,000009,13,TRUE,JOSE ANTONIO ORTIZ OLALLA,, ,0000000000,FALSE
03,senate,1977-06-15,1,22,9,009,000035,9,TRUE,JOSE MARIA FACIL OLIVERA,, ,0000000000,FALSE
03,senate,1977-06-15,1,22,9,001,000062,1,TRUE,SIXTO LUIS AGUDO GONZALEZ,, ,0000000000,FALSE
03,senate,1977-06-15,1,22,9,003,000078,3,TRUE,FERNANDO BAEZA MARTOS,, ,0000000000,TRUE
03,senate,1977-06-15,1,22,9,011,000078,11,TRUE,SAUL GAZO SERRANO,, ,0000000000,FALSE
03,senate,1977-06-15,1,22,9,004,000087,4,TRUE,ALBERTO BALLARIN MARCIAL,, ,0000000000,TRUE
03,senate,1977-06-15,1,22,9,007,000087,7,TRUE,CESAR AUGUSTO ESCRIBANO D,E GORDO, ,0000000000,TRUE
03,senate,1977-06-15,1,22,9,008,000087,8,TRUE,JOSE ANTONIO ESCUDERO LOP,EZ, ,0000000000,TRUE
03,senate,1977-06-15,1,22,9,002,000103,2,TRUE,MARIA JOSE ARELLANO SANCH,EZ, ,0000000000,FALSE
03,senate,1977-06-15,1,22,9,006,000103,6,TRUE,AURELIO BIARGE LOPEZ,, ,0000000000,FALSE
03,senate,1977-06-15,1,22,9,012,000103,12,TRUE,JOSE LOPEZ BABIER,, ,0000000000,FALSE
03,senate,1977-06-15,1,22,9,014,000104,14,TRUE,VICENTE DE PINIES RUBIO,, ,0000000000,FALSE
03,senate,1977-06-15,1,44,9,008,000008,8,TRUE,JULIAN GASCO LAUDO,, ,0000000000,FALSE
03,senate,1977-06-15,1,44,9,012,000008,12,TRUE,JORGE LUIS DE LATORRE JAS,A, ,0000000000,FALSE
03,senate,1977-06-15,1,44,9,017,000008,17,TRUE,MANUEL PALOS SERRANO,, ,0000000000,FALSE
03,senate,1977-06-15,1,44,9,013,000009,13,TRUE,JESUS LOPEZ MEDEL,, ,0000000000,FALSE
03,senate,1977-06-15,1,44,9,016,000009,16,TRUE,JOSE ANTONIO NAVARRETE RA,BANAQUE, ,0000000000,FALSE
03,senate,1977-06-15,1,44,9,018,000009,18,TRUE,ANGEL PARDILLOS VELA,, ,0000000000,FALSE
03,senate,1977-06-15,1,44,9,009,000024,9,TRUE,ANTONIO JULIAN CATIVIELA,, ,0000000000,FALSE
03,senate,1977-06-15,1,44,9,022,000062,22,TRUE,BLAS ALFONSO UTRILLAS GIM,ENO, ,0000000000,FALSE
03,senate,1977-06-15,1,44,9,023,000062,23,TRUE,CARLOS LUIS DE LA VEGA Y,DE LUQUE, ,0000000000,FALSE
03,senate,1977-06-15,1,44,9,021,000068,21,TRUE,JOSE TORAN PELAEZ,, ,0000000000,FALSE
03,senate,1977-06-15,1,44,9,001,000078,1,TRUE,ANTONIO CARASOL DIESTE,, ,0000000000,TRUE
03,senate,1977-06-15,1,44,9,010,000078,10,TRUE,RAFAEL LASMARIAS LACUEVA,, ,0000000000,FALSE
03,senate,1977-06-15,1,44,9,020,000078,20,TRUE,ENRIQUE ROMERO ENA,, ,0000000000,FALSE
03,senate,1977-06-15,1,44,9,003,000084,3,TRUE,MIGUEL CERCOS MONTON,, ,0000000000,FALSE
03,senate,1977-06-15,1,44,9,015,000084,15,TRUE,VIDAL MUÑOZ GARRIDO,, ,0000000000,FALSE
03,senate,1977-06-15,1,44,9,019,000084,19,TRUE,MARCELINO JESUS PUERTO MA,RTINEZ, ,0000000000,FALSE
03,senate,1977-06-15,1,44,9,006,000087,6,TRUE,JOSE LUIS FIGUEROLA CERDA,N, ,0000000000,TRUE
03,senate,1977-06-15,1,44,9,007,000087,7,TRUE,ALBERTO FUERTES VALENZUEL,A, ,0000000000,TRUE
03,senate,1977-06-15,1,44,9,014,000087,14,TRUE,MANUEL MAGALLON CELMA,, ,0000000000,TRUE
03,senate,1977-06-15,1,44,9,002,000100,2,TRUE,ANTONIO CATALAN MARTIN,, ,0000000000,FALSE
03,senate,1977-06-15,1,44,9,004,000105,4,TRUE,MANUEL CORTES ROYO,, ,0000000000,FALSE
03,senate,1977-06-15,1,44,9,005,000105,5,TRUE,JOSE MARIA ESPONERA PASCU,AL, ,0000000000,FALSE
03,senate,1977-06-15,1,44,9,011,000105,11,TRUE,FERNANDO DE LATORRE JASA,, ,0000000000,FALSE
03,senate,1977-06-15,1,50,9,010,000008,10,TRUE,ALFONSO MATEO BLANCO,, ,0000000000,FALSE
03,senate,1977-06-15,1,50,9,011,000008,11,TRUE,ARACELI OROS ARA,, ,0000000000,FALSE
03,senate,1977-06-15,1,50,9,014,000008,14,TRUE,SERAPIO DEL RIO ORTEGA,, ,0000000000,FALSE
03,senate,1977-06-15,1,50,9,015,000008,15,TRUE,MIGUEL RIVILLA AZCUNE,, ,0000000000,FALSE
03,senate,1977-06-15,1,50,9,001,000009,1,TRUE,ADOLFO CASTILLO GERZOR,, ,0000000000,FALSE
03,senate,1977-06-15,1,50,9,008,000009,8,TRUE,RICARDO MALUMBRES LOGROÑO,, ,0000000000,FALSE
03,senate,1977-06-15,1,50,9,019,000009,19,TRUE,JOSE MARIA ZALDIVAR ARENZ,ANA, ,0000000000,FALSE
03,senate,1977-06-15,1,50,9,006,000020,6,TRUE,LUIS LAGUNA GARCIA,, ,0000000000,FALSE
03,senate,1977-06-15,1,50,9,002,000024,2,TRUE,PILAR CRESPO CORTES,, ,0000000000,FALSE
03,senate,1977-06-15,1,50,9,003,000024,3,TRUE,MANUEL GARCIA ATANCE,, ,0000000000,FALSE
03,senate,1977-06-15,1,50,9,012,000024,12,TRUE,SANTIAGO PARRA DE MAS,, ,0000000000,FALSE
03,senate,1977-06-15,1,50,9,007,000078,7,TRUE,SANTIAGO LOREN ESTEBAN,, ,0000000000,FALSE
03,senate,1977-06-15,1,50,9,005,000104,5,TRUE,ANGEL GRACIA OLIVEROS,, ,0000000000,FALSE
03,senate,1977-06-15,1,50,9,018,000104,18,TRUE,MANUEL VITORIA GARCES,, ,0000000000,FALSE
03,senate,1977-06-15,1,50,9,004,000106,4,TRUE,MATEO-ANTONIO GARCIA MATE,O, ,0000000000,TRUE
03,senate,1977-06-15,1,50,9,009,000106,9,TRUE,LORENZO MARTIN-RETORTILLO,BAQUER, ,0000000000,TRUE
03,senate,1977-06-15,1,50,9,016,000106,16,TRUE,RAMON SAINZ DE VARANDA Y,JIMENEZ, ,0000000000,TRUE
03,senate,1977-06-15,1,50,9,013,000107,13,TRUE,MARIA ISABEL PONTAQUE ADE,LANTADO, ,0000000000,FALSE
03,senate,1977-06-15,1,50,9,017,000107,17,TRUE,JUAN JOSE SANZ JARQUE,, ,0000000000,FALSE
03,senate,1977-06-15,1,50,9,020,000107,20,TRUE,ISAIAS ZARAZAGA BURILLO,, ,0000000000,TRUE
03,senate,1977-06-15,1,33,9,012,000008,12,TRUE,CARLOS HIDALGO SCHUMANN,, ,0000000000,FALSE
03,senate,1977-06-15,1,33,9,014,000008,14,TRUE,JOSE LUIS LOPEZ-SELA DIAZ,-FAES, ,0000000000,FALSE
03,senate,1977-06-15,1,33,9,006,000009,6,TRUE,JOSE MARIA CASIELLES AGUA,DE, ,0000000000,FALSE
03,senate,1977-06-15,1,33,9,013,000009,13,TRUE,JUAN MANUEL JUNCEDA AVELL,O, ,0000000000,FALSE
03,senate,1977-06-15,1,33,9,020,000009,20,TRUE,ROMAN SUAREZ BLANCO,, ,0000000000,FALSE
03,senate,1977-06-15,1,33,9,018,000037,18,TRUE,ENRIQUE RUBIO SAÑUDO,, ,0000000000,FALSE
03,senate,1977-06-15,1,33,9,021,000037,21,TRUE,LORENZO VELASCO CASTAÑO,, ,0000000000,FALSE
03,senate,1977-06-15,1,33,9,004,000080,4,TRUE,JESUS CADAVIECO HEVIA,, ,0000000000,FALSE
03,senate,1977-06-15,1,33,9,016,000080,16,TRUE,MARCELO PALACIOS ALONSO,, ,0000000000,FALSE
03,senate,1977-06-15,1,33,9,019,000080,19,TRUE,JUAN JOSE SANCHEZ VICENTE,, ,0000000000,FALSE
03,senate,1977-06-15,1,33,9,001,000087,1,TRUE,JOSE MARIA ALONSO VEGA SU,AREZ, ,0000000000,TRUE
03,senate,1977-06-15,1,33,9,002,000087,2,TRUE,AGUSTIN JOSE ANTUÑA ALONS,O, ,0000000000,FALSE
03,senate,1977-06-15,1,33,9,003,000087,3,TRUE,ADOLFO BARTHE AZA,, ,0000000000,FALSE
03,senate,1977-06-15,1,33,9,007,000103,7,TRUE,ATANASIO CORTE ZAPICO,, ,0000000000,TRUE
03,senate,1977-06-15,1,33,9,008,000103,8,TRUE,RAFAEL LUIS FERNANDEZ ALV,AREZ, ,0000000000,TRUE
03,senate,1977-06-15,1,33,9,017,000103,17,TRUE,WENCESLAO ROCES SUAREZ,, ,0000000000,TRUE
03,senate,1977-06-15,1,33,9,005,000108,5,TRUE,JESUS EVARISTO CASARIEGO,FERNANDEZ, ,0000000000,FALSE
03,senate,1977-06-15,1,33,9,009,000109,9,TRUE,FRANCISCO FERNANDEZ CORTE,, ,0000000000,FALSE
03,senate,1977-06-15,1,33,9,010,000109,10,TRUE,MANUEL FERNANDEZ-PELLO GA,RCIA, ,0000000000,FALSE
03,senate,1977-06-15,1,33,9,011,000109,11,TRUE,RAMON FERNANDEZ-RAÑADA ME,NENDEZ DE LUARCA, ,0000000000,FALSE
03,senate,1977-06-15,1,33,9,015,000109,15,TRUE,JULIO MANGAS MANJARRES,, ,0000000000,FALSE
03,senate,1977-06-15,1,07,1,002,000008,2,TRUE,RICARDO BAHILS COLLADOS,, ,0000000000,FALSE
03,senate,1977-06-15,1,07,1,003,000008,3,TRUE,FRANCISCO BAUZA GIMENEZ,, ,0000000000,FALSE
03,senate,1977-06-15,1,07,1,010,000008,10,TRUE,JUAN ANTONIO OLIVER PARDO,, ,0000000000,FALSE
03,senate,1977-06-15,1,07,1,008,000009,8,TRUE,LUIS M. OLASCOAGA KROEBER,, ,0000000000,FALSE
03,senate,1977-06-15,1,07,1,016,000009,16,TRUE,RAFAEL DE LA ROSA VAZQUEZ,, ,0000000000,FALSE
03,senate,1977-06-15,1,07,1,005,000020,5,TRUE,MANUEL FAUNDEZ GARCIA,, ,0000000000,FALSE
03,senate,1977-06-15,1,07,1,009,000020,9,TRUE,JOSE OLEA VAZQUEZ,, ,0000000000,FALSE
03,senate,1977-06-15,1,07,1,014,000062,14,TRUE,IGNACIO RIBAS GARAU,, ,0000000000,FALSE
03,senate,1977-06-15,1,07,1,007,000078,7,TRUE,MANUEL MORA ESTEVA,, ,0000000000,TRUE
03,senate,1977-06-15,1,07,1,012,000078,12,TRUE,JUAN PIÑA OLIVER,, ,0000000000,FALSE
03,senate,1977-06-15,1,07,1,006,000085,6,TRUE,CLEMENTE GARAU ARBONA,, ,0000000000,FALSE
03,senate,1977-06-15,1,07,1,001,000087,1,TRUE,JERONIMO ALBERTI PICORNEL,L, ,0000000000,TRUE
03,senate,1977-06-15,1,07,1,011,000087,11,TRUE,RAMIRO PEREZ-MAURA HERRER,A, ,0000000000,TRUE
03,senate,1977-06-15,1,07,1,004,000089,4,TRUE,JAUME ENSEÑAT JULIA,, ,0000000000,FALSE
03,senate,1977-06-15,1,07,1,015,000089,15,TRUE,EUSEBIO RIERA ESTADA,, ,0000000000,FALSE
03,senate,1977-06-15,1,07,1,013,000100,13,TRUE,JUAN PIZA MASSANET,, ,0000000000,FALSE
03,senate,1977-06-15,1,07,1,017,000100,17,TRUE,ANTONIO F. TARABINI-CASTE,LLANI CABOT, ,0000000000,FALSE
03,senate,1977-06-15,1,07,2,002,000009,2,TRUE,ANTONIO CARDONA SANS,, ,0000000000,FALSE
03,senate,1977-06-15,1,07,2,004,000078,4,TRUE,JOSE MOLL MARQUES,, ,0000000000,FALSE
03,senate,1977-06-15,1,07,2,003,000079,3,TRUE,JOSE CAULES JUAN,, ,0000000000,FALSE
03,senate,1977-06-15,1,07,2,005,000087,5,TRUE,GUILLERMO DE OLIVES PONS,, ,0000000000,TRUE
03,senate,1977-06-15,1,07,2,006,000089,6,TRUE,FERNANDO RUBIO TUDURI,, ,0000000000,FALSE
03,senate,1977-06-15,1,07,2,001,000110,1,TRUE,ANTONIO ANGLADA ANGLADA,, ,0000000000,FALSE
03,senate,1977-06-15,1,07,2,007,000111,7,TRUE,ANTONIO TRIAY LLOPIS,, ,0000000000,FALSE
03,senate,1977-06-15,1,07,3,004,000009,4,TRUE,ABEL MATUTES JUAN,, ,0000000000,TRUE
03,senate,1977-06-15,1,07,3,005,000087,5,TRUE,GUILLERMO TUELLS RIQUER,, ,0000000000,FALSE
03,senate,1977-06-15,1,07,3,001,000089,1,TRUE,ERNESTO ALTES COLL,, ,0000000000,FALSE
03,senate,1977-06-15,1,07,3,003,000112,3,TRUE,ISIDOR MARI MAYANS,, ,0000000000,FALSE
03,senate,1977-06-15,1,07,3,002,000113,2,TRUE,MARIANO LLOBET ROMAN,, ,0000000000,FALSE
03,senate,1977-06-15,1,35,1,007,000009,7,TRUE,JOSE NARANJO HERMOSILLA,, ,0000000000,FALSE
03,senate,1977-06-15,1,35,1,008,000009,8,TRUE,MANUEL PADRON QUEVEDO,, ,0000000000,FALSE
03,senate,1977-06-15,1,35,1,005,000062,5,TRUE,ANTONIO GONZALEZ VIEITEZ,, ,0000000000,FALSE
03,senate,1977-06-15,1,35,1,002,000064,2,TRUE,FELICIANA-JULIA CHINARRO,PLAZA, ,0000000000,FALSE
03,senate,1977-06-15,1,35,1,009,000070,9,TRUE,AMADO RAMOS PEREZ,, ,0000000000,FALSE
03,senate,1977-06-15,1,35,1,010,000078,10,TRUE,JUAN RODRIGUEZ DORESTE,, ,0000000000,FALSE
03,senate,1977-06-15,1,35,1,012,000078,12,TRUE,ANGEL TRISTAN PIMIENTA,, ,0000000000,FALSE
03,senate,1977-06-15,1,35,1,006,000080,6,TRUE,SALVADOR MARTEL HIDALGO,, ,0000000000,FALSE
03,senate,1977-06-15,1,35,1,001,000087,1,TRUE,DIEGO CAMBRELENG ROCA,, ,0000000000,TRUE
03,senate,1977-06-15,1,35,1,004,000087,4,TRUE,FERNANDO GIMENEZ NAVARRO,, ,0000000000,TRUE
03,senate,1977-06-15,1,35,1,011,000087,11,TRUE,GREGORIO TOLEDO RODRIGUEZ,, ,0000000000,TRUE
03,senate,1977-06-15,1,35,1,003,000114,3,TRUE,JOSE JOAQUIN DIAZ DE AGUI,LAR Y ELIZAGA, ,0000000000,FALSE
03,senate,1977-06-15,1,35,2,002,000009,2,TRUE,LORENZO GONZALEZ DOMINGUE,Z, ,0000000000,FALSE
03,senate,1977-06-15,1,35,2,001,000078,1,TRUE,JOSE MARIA ESPINO GONZALE,Z, ,0000000000,FALSE
03,senate,1977-06-15,1,35,2,003,000080,3,TRUE,MANUEL MEDINA ORTEGA,, ,0000000000,FALSE
03,senate,1977-06-15,1,35,2,004,000087,4,TRUE,RAFAEL STINGA GONZALEZ,, ,0000000000,TRUE
03,senate,1977-06-15,1,35,3,004,000009,4,TRUE,MANUEL MARTIN MARTIN,, ,0000000000,FALSE
03,senate,1977-06-15,1,35,3,002,000087,2,TRUE,HILARIO ESTEVEZ MORERA,, ,0000000000,FALSE
03,senate,1977-06-15,1,35,3,003,000104,3,TRUE,MATIAS GONZALEZ GARCIA,, ,0000000000,FALSE
03,senate,1977-06-15,1,35,3,001,000155,1,TRUE,MIGUEL CABRERA CABRERA,, ,0000000000,TRUE
03,senate,1977-06-15,1,38,4,003,000009,3,TRUE,PEDRO MODESTO CAMPOS RODR,IGUEZ, ,0000000000,FALSE
03,senate,1977-06-15,1,38,4,005,000009,5,TRUE,PEDRO DOBLADO CLAVERIE,, ,0000000000,FALSE
03,senate,1977-06-15,1,38,4,006,000062,6,TRUE,JESUS GARCIA MANRIQUE,, ,0000000000,FALSE
03,senate,1977-06-15,1,38,4,008,000070,8,TRUE,MANUEL LOPEZ GARCIA,, ,0000000000,FALSE
03,senate,1977-06-15,1,38,4,001,000078,1,TRUE,ALBERTO DE ARMAS GARCIA,, ,0000000000,TRUE
03,senate,1977-06-15,1,38,4,007,000078,7,TRUE,JESUS ILLADA QUINTERO,, ,0000000000,FALSE
03,senate,1977-06-15,1,38,4,004,000080,4,TRUE,LUIS CARRASCO CASANOVA,, ,0000000000,FALSE
03,senate,1977-06-15,1,38,4,002,000087,2,TRUE,JOSE MANUEL BARRIOS DORTA,, ,0000000000,TRUE
03,senate,1977-06-15,1,38,4,009,000087,9,TRUE,MARIA DOLORES PELAYO DUQU,E, ,0000000000,TRUE
03,senate,1977-06-15,1,38,4,010,000115,10,TRUE,ANTONIO QUINTANA MALLEDO,, ,0000000000,FALSE
03,senate,1977-06-15,1,38,5,001,000009,1,TRUE,ANTONIO CARRILLO KABANAS,, ,0000000000,FALSE
03,senate,1977-06-15,1,38,5,003,000078,3,TRUE,CARLOS MANUEL RODRIGUEZ A,LVAREZ, ,0000000000,FALSE
03,senate,1977-06-15,1,38,5,002,000087,2,TRUE,ACENK-ALEJANDRO GALVAN GO,NZALEZ, ,0000000000,TRUE
03,senate,1977-06-15,1,38,6,002,000009,2,TRUE,JOSE JESUS BENCOMO MENDOZ,A, ,0000000000,FALSE
03,senate,1977-06-15,1,38,6,001,000062,1,TRUE,JUAN PEDRO ASCACIO GARCIA,, ,0000000000,FALSE
03,senate,1977-06-15,1,38,6,004,000070,4,TRUE,RAMON JEREZ HERRERA,, ,0000000000,FALSE
03,senate,1977-06-15,1,38,6,003,000078,3,TRUE,PEDRO GARCIA CABRERA,, ,0000000000,FALSE
03,senate,1977-06-15,1,38,6,005,000087,5,TRUE,FEDERICO PADRON PADRON,, ,0000000000,TRUE
03,senate,1977-06-15,1,39,9,002,000008,2,TRUE,JULIO DEL ARCO MONTESINO,, ,0000000000,FALSE
03,senate,1977-06-15,1,39,9,015,000008,15,TRUE,JOSE MARIA POLANCO TOVA,, ,0000000000,FALSE
03,senate,1977-06-15,1,39,9,016,000008,16,TRUE,RODOLFO SIERRA MAÑUECO,, ,0000000000,FALSE
03,senate,1977-06-15,1,39,9,013,000009,13,TRUE,FERNANDO MARIA PEREDA APA,RICIO, ,0000000000,FALSE
03,senate,1977-06-15,1,39,9,018,000009,18,TRUE,JOSE LUIS DE LA VEGA-HAZA,S DEL CAMPO, ,0000000000,FALSE
03,senate,1977-06-15,1,39,9,019,000009,19,TRUE,JOSE LUIS ZAMANILLO GONZA,LEZ-CAMINO, ,0000000000,FALSE
03,senate,1977-06-15,1,39,9,001,000075,1,TRUE,IGNACIO AGUILERA SANTIAGO,, ,0000000000,FALSE
03,senate,1977-06-15,1,39,9,004,000075,4,TRUE,CARMEN COSSIO Y ESCALANTE,, ,0000000000,FALSE
03,senate,1977-06-15,1,39,9,006,000079,6,TRUE,JOSE MIGUEL GARCIA VILLAV,ERAN, ,0000000000,FALSE
03,senate,1977-06-15,1,39,9,012,000079,12,TRUE,ENRIQUE PANERO TOCA,, ,0000000000,FALSE
03,senate,1977-06-15,1,39,9,003,000087,3,TRUE,RICARDO MANUEL BUENO FERN,ANDEZ, ,0000000000,TRUE
03,senate,1977-06-15,1,39,9,007,000087,7,TRUE,JOSE MARIANO GONZALEZ-TAR,RIO GALLEGO, ,0000000000,TRUE
03,senate,1977-06-15,1,39,9,014,000087,14,TRUE,JOSE LUIS DEL PIÑAL RUIZ,DE HUIDOBRO, ,0000000000,TRUE
03,senate,1977-06-15,1,39,9,008,000115,8,TRUE,TOMAS GONZALEZ QUIJANO,, ,0000000000,FALSE
03,senate,1977-06-15,1,39,9,011,000115,11,TRUE,EDUARDO OBREGON BARREDA,, ,0000000000,FALSE
03,senate,1977-06-15,1,39,9,005,000116,5,TRUE,JOSE LUIS GARCIA PEÑA,, ,0000000000,FALSE
03,senate,1977-06-15,1,39,9,009,000116,9,TRUE,JUAN MANUEL GRACIA MENOCA,L, ,0000000000,FALSE
03,senate,1977-06-15,1,39,9,010,000116,10,TRUE,BENITO HUERTA ARGENTA,, ,0000000000,TRUE
03,senate,1977-06-15,1,39,9,017,000116,17,TRUE,JOSE MANUEL SOMAVILLA FER,NANDEZ, ,0000000000,FALSE
03,senate,1977-06-15,1,02,9,002,000009,2,TRUE,GONZALO BOTIJA CABO,, ,0000000000,FALSE
03,senate,1977-06-15,1,02,9,011,000009,11,TRUE,ANTONIO VECIANA FERRUS,, ,0000000000,FALSE
03,senate,1977-06-15,1,02,9,006,000078,6,TRUE,ANDRES JOSE PICAZO GONZAL,EZ, ,0000000000,TRUE
03,senate,1977-06-15,1,02,9,001,000087,1,TRUE,JUANA ARCE MOLINA,, ,0000000000,TRUE
03,senate,1977-06-15,1,02,9,007,000087,7,TRUE,LUIS PIÑERO FERNANDEZ,, ,0000000000,TRUE
03,senate,1977-06-15,1,02,9,010,000087,10,TRUE,JUAN VAZQUEZ ALBERICH,, ,0000000000,TRUE
03,senate,1977-06-15,1,02,9,004,000117,4,TRUE,JOAQUIN IÑIGUEZ MOLINA,, ,0000000000,FALSE
03,senate,1977-06-15,1,02,9,005,000117,5,TRUE,RESTITUTO MADRONA GASCON,, ,0000000000,FALSE
03,senate,1977-06-15,1,02,9,008,000117,8,TRUE,JUAN RAMIREZ PIQUERAS,, ,0000000000,FALSE
03,senate,1977-06-15,1,02,9,003,000118,3,TRUE,ANGEL GARCIA CUESTA,, ,0000000000,FALSE
03,senate,1977-06-15,1,02,9,009,000118,9,TRUE,ABELARDO SANCHEZ MORENO,, ,0000000000,FALSE
03,senate,1977-06-15,1,13,9,009,000008,9,TRUE,FRANCISCO HERENCIA OLIVA,, ,0000000000,FALSE
03,senate,1977-06-15,1,13,9,015,000008,15,TRUE,EDUARDO MORENO GOMEZ,, ,0000000000,FALSE
03,senate,1977-06-15,1,13,9,019,000008,19,TRUE,FELIX TORRES BADOS,, ,0000000000,FALSE
03,senate,1977-06-15,1,13,9,012,000009,12,TRUE,CECILIO LOPEZ PASTOR,, ,0000000000,FALSE
03,senate,1977-06-15,1,13,9,013,000009,13,TRUE,LUIS MARTINEZ GUTIERREZ,, ,0000000000,FALSE
03,senate,1977-06-15,1,13,9,017,000009,17,TRUE,EDUARDO RODRIGUEZ AREVALO,, ,0000000000,FALSE
03,senate,1977-06-15,1,13,9,007,000062,7,TRUE,JOSE BENITO FROUFE CARLOS,, ,0000000000,FALSE
03,senate,1977-06-15,1,13,9,003,000078,3,TRUE,ROGELIO BORRAS SERRA,, ,0000000000,TRUE
03,senate,1977-06-15,1,13,9,014,000078,14,TRUE,CIPRIANO MORALES LIÑAN,, ,0000000000,TRUE
03,senate,1977-06-15,1,13,9,016,000078,16,TRUE,BONIFACIO RABOSO PEDRERO,, ,0000000000,FALSE
03,senate,1977-06-15,1,13,9,002,000080,2,TRUE,ELSA DE BENITO Y CORNEJO,, ,0000000000,FALSE
03,senate,1977-06-15,1,13,9,006,000080,6,TRUE,RAMON FERNANDEZ ESPINOSA,, ,0000000000,FALSE
03,senate,1977-06-15,1,13,9,008,000080,8,TRUE,FRANCISCO GRANADOS CALERO,, ,0000000000,FALSE
03,senate,1977-06-15,1,13,9,005,000087,5,TRUE,CARLOS CALATAYUD MALDONAD,O, ,0000000000,TRUE
03,senate,1977-06-15,1,13,9,011,000087,11,TRUE,JOSE LOPEZ PACIOS,, ,0000000000,TRUE
03,senate,1977-06-15,1,13,9,018,000087,18,TRUE,ELOY SANCHO GARCIA,, ,0000000000,FALSE
03,senate,1977-06-15,1,13,9,004,000119,4,TRUE,MANUEL BRISO DE MONTIANO,RUIZ DE LA SIERRA, ,0000000000,FALSE
03,senate,1977-06-15,1,13,9,010,000119,10,TRUE,ISAAC HIDALGA CANO,, ,0000000000,FALSE
03,senate,1977-06-15,1,13,9,001,000120,1,TRUE,JOSE MARIA APARICIO ARCE,, ,0000000000,FALSE
03,senate,1977-06-15,1,16,9,001,000009,1,TRUE,FERNANDO ALARCON DEL OLMO,, ,0000000000,FALSE
03,senate,1977-06-15,1,16,9,013,000009,13,TRUE,FERNANDO RUIZ GARCIA,, ,0000000000,FALSE
03,senate,1977-06-15,1,16,9,016,000009,16,TRUE,JOSE EMILIO SANCHEZ PINTA,DO, ,0000000000,FALSE
03,senate,1977-06-15,1,16,9,012,000012,12,TRUE,RAMON RODRIGUEZ MARTINEZ,, ,0000000000,FALSE
03,senate,1977-06-15,1,16,9,015,000032,15,TRUE,VICENTE SANCHEZ IZQUIERDO,, ,0000000000,FALSE
03,senate,1977-06-15,1,16,9,003,000038,3,TRUE,AMADOR DE LA CRUZ SORIA,, ,0000000000,FALSE
03,senate,1977-06-15,1,16,9,004,000038,4,TRUE,JULIAN ESCAMILLA FERNANDE,Z, ,0000000000,FALSE
03,senate,1977-06-15,1,16,9,017,000038,17,TRUE,EMILIA TRIGO MACIAS,, ,0000000000,FALSE
03,senate,1977-06-15,1,16,9,005,000062,5,TRUE,DIEGO JESUS JIMENEZ GALIN,DO, ,0000000000,FALSE
03,senate,1977-06-15,1,16,9,009,000078,9,TRUE,AMALIA MIRANZO MARTINEZ,, ,0000000000,TRUE
03,senate,1977-06-15,1,16,9,002,000080,2,TRUE,ALFONSO CAMPOS VAZQUEZ,, ,0000000000,FALSE
03,senate,1977-06-15,1,16,9,018,000080,18,TRUE,BASILIO VILLALBA HERRANZ,, ,0000000000,FALSE
03,senate,1977-06-15,1,16,9,014,000084,14,TRUE,JOSE SALAZAR BELMAR,, ,0000000000,FALSE
03,senate,1977-06-15,1,16,9,006,000087,6,TRUE,RODRIGO LOZANO DE LA FUEN,TE, ,0000000000,TRUE
03,senate,1977-06-15,1,16,9,010,000087,10,TRUE,RAFAEL MOMBIEDRO DE LA TO,RRE, ,0000000000,TRUE
03,senate,1977-06-15,1,16,9,011,000087,11,TRUE,ANDRES MOYA LOPEZ,, ,0000000000,TRUE
03,senate,1977-06-15,1,16,9,008,000104,8,TRUE,JAIME MIRALLES ALVAREZ,, ,0000000000,FALSE
03,senate,1977-06-15,1,16,9,007,000121,7,TRUE,PEDRO MALAVIA NAVARRO,, ,0000000000,FALSE
03,senate,1977-06-15,1,19,9,001,000009,1,TRUE,TOMAS ALLENDE Y GARCIA-BA,XTER, ,0000000000,FALSE
03,senate,1977-06-15,1,19,9,004,000009,4,TRUE,JOSE GARCIA HERNANDEZ,, ,0000000000,FALSE
03,senate,1977-06-15,1,19,9,013,000009,13,TRUE,MANUEL RIVAS GUADILLA,, ,0000000000,FALSE
03,senate,1977-06-15,1,19,9,005,000035,5,TRUE,JOSE MARIA GUIJARRO HERED,ERO, ,0000000000,FALSE
03,senate,1977-06-15,1,19,9,007,000035,7,TRUE,LUIS LAFONT PEREZ,, ,0000000000,FALSE
03,senate,1977-06-15,1,19,9,012,000035,12,TRUE,ROBERTO REYES MORALES,, ,0000000000,FALSE
03,senate,1977-06-15,1,19,9,011,000062,11,TRUE,FRANCISCO PALERO GOMEZ,, ,0000000000,FALSE
03,senate,1977-06-15,1,19,9,006,000078,6,TRUE,FRANCISCO JAVIER IRIZAR O,RTEGA, ,0000000000,FALSE
03,senate,1977-06-15,1,19,9,008,000078,8,TRUE,PABLO LLORENTE PEREZ,, ,0000000000,FALSE
03,senate,1977-06-15,1,19,9,010,000078,10,TRUE,RAFAEL MORA-GRANADOS MARU,LL, ,0000000000,TRUE
03,senate,1977-06-15,1,19,9,009,000080,9,TRUE,MARIA PILAR MAGRO PERTEGU,ER, ,0000000000,FALSE
03,senate,1977-06-15,1,19,9,002,000087,2,TRUE,FELIX CALVO ORTEGA,, ,0000000000,TRUE
03,senate,1977-06-15,1,19,9,003,000087,3,TRUE,ANTONIO FERNANDEZ-GALIANO,FERNANDEZ, ,0000000000,TRUE
03,senate,1977-06-15,1,19,9,014,000087,14,TRUE,FELICIANO ROMAN RUIZ,, ,0000000000,TRUE
03,senate,1977-06-15,1,45,9,001,000008,1,TRUE,JUAN AVILA DIAZ,, ,0000000000,FALSE
03,senate,1977-06-15,1,45,9,010,000008,10,TRUE,BLAS PIÑAR Y LOPEZ,, ,0000000000,FALSE
03,senate,1977-06-15,1,45,9,013,000008,13,TRUE,ARTURO RELANZON ECHEVARRI,A, ,0000000000,FALSE
03,senate,1977-06-15,1,45,9,008,000009,8,TRUE,MARIANO MARTINEZ HERRANZ,, ,0000000000,FALSE
03,senate,1977-06-15,1,45,9,011,000009,11,TRUE,AURELIANO-JULIO PRIETO DI,AZ, ,0000000000,FALSE
03,senate,1977-06-15,1,45,9,005,000020,5,TRUE,JESUS LABORDA MARTINEZ-PO,ZO, ,0000000000,FALSE
03,senate,1977-06-15,1,45,9,004,000062,4,TRUE,TRINIDAD GARCIA VIDALES,, ,0000000000,FALSE
03,senate,1977-06-15,1,45,9,009,000078,9,TRUE,GREGORIO PECES-BARBA DEL,BRIO, ,0000000000,TRUE
03,senate,1977-06-15,1,45,9,012,000078,12,TRUE,FRANCISCO RAMOS FERNANDEZ,-TORRECILLA, ,0000000000,TRUE
03,senate,1977-06-15,1,45,9,007,000080,7,TRUE,FERNANDO MARTIN APARICIO,, ,0000000000,FALSE
03,senate,1977-06-15,1,45,9,017,000080,17,TRUE,MIGUEL ZAMORA NODAL,, ,0000000000,FALSE
03,senate,1977-06-15,1,45,9,002,000087,2,TRUE,FERNANDO CHUECA Y GOITIA,, ,0000000000,TRUE
03,senate,1977-06-15,1,45,9,014,000087,14,TRUE,FERNANDO ROJAS GOMEZ,, ,0000000000,TRUE
03,senate,1977-06-15,1,45,9,015,000087,15,TRUE,JOSE MARIA TRADACETE TORR,ES, ,0000000000,FALSE
03,senate,1977-06-15,1,45,9,006,000104,6,TRUE,LEOPOLDO LOVELACE ROMERO,, ,0000000000,FALSE
03,senate,1977-06-15,1,45,9,016,000104,16,TRUE,JOAQUIN VAN DEN BRULE GOM,EZ DE LLARENA, ,0000000000,FALSE
03,senate,1977-06-15,1,45,9,003,000122,3,TRUE,JOSE MARIA FERNANDEZ DE L,A VEGA Y SEDANO, ,0000000000,FALSE
03,senate,1977-06-15,1,05,9,001,000009,1,TRUE,FRANCISCO ABELLA MARTIN,, ,0000000000,FALSE
03,senate,1977-06-15,1,05,9,004,000009,4,TRUE,FAUSTINO CERMEÑO CERMEÑO,, ,0000000000,FALSE
03,senate,1977-06-15,1,05,9,012,000009,12,TRUE,JAIME SANTAMARIA BEJARANO,, ,0000000000,FALSE
03,senate,1977-06-15,1,05,9,013,000035,13,TRUE,LUIS VALERO BERMEJO,, ,0000000000,FALSE
03,senate,1977-06-15,1,05,9,007,000038,7,TRUE,JOSE GARCIA LOPEZ,, ,0000000000,FALSE
03,senate,1977-06-15,1,05,9,003,000078,3,TRUE,JOSE FEDERICO CARVAJAL PE,REZ, ,0000000000,TRUE
03,senate,1977-06-15,1,05,9,009,000078,9,TRUE,MARIANO GOMEZ SANCHEZ,, ,0000000000,FALSE
03,senate,1977-06-15,1,05,9,014,000078,14,TRUE,RODOLFO VAZQUEZ DE MARCOS,, ,0000000000,FALSE
03,senate,1977-06-15,1,05,9,010,000080,10,TRUE,PABLO MATIAS HERNANDEZ HE,RNANDEZ, ,0000000000,FALSE
03,senate,1977-06-15,1,05,9,002,000087,2,TRUE,DARIO BENITO GARCIA,, ,0000000000,TRUE
03,senate,1977-06-15,1,05,9,005,000087,5,TRUE,ALBERTO MANUEL DORREGO GO,NZALEZ, ,0000000000,TRUE
03,senate,1977-06-15,1,05,9,006,000087,6,TRUE,JULIO GARCIA BENAVIDES,, ,0000000000,TRUE
03,senate,1977-06-15,1,05,9,008,000097,8,TRUE,HILARIO GARCIA MARTIN,, ,0000000000,FALSE
03,senate,1977-06-15,1,05,9,011,000097,11,TRUE,JOSE SAHAGUN DE LA LASTRA,, ,0000000000,FALSE
03,senate,1977-06-15,1,05,9,015,000097,15,TRUE,CLEMENTE VICENTE GARCIA,, ,0000000000,FALSE
03,senate,1977-06-15,1,09,9,001,000009,1,TRUE,JOSE MARIA  ALCALDE ARNAI,Z, ,0000000000,FALSE
03,senate,1977-06-15,1,09,9,005,000009,5,TRUE,FERNANDO DANCAUSA DE MIGU,EL, ,0000000000,FALSE
03,senate,1977-06-15,1,09,9,012,000009,12,TRUE,FERNANDO REDONDO BERDUGO,, ,0000000000,FALSE
03,senate,1977-06-15,1,09,9,006,000020,6,TRUE,ANTONIO GARCIA ARLANZON,, ,0000000000,FALSE
03,senate,1977-06-15,1,09,9,009,000020,9,TRUE,JESUS MARTINEZ GARCIA,, ,0000000000,FALSE
03,senate,1977-06-15,1,09,9,010,000033,10,TRUE,VALENTIN MERINO ESTRADA,, ,0000000000,FALSE
03,senate,1977-06-15,1,09,9,003,000087,3,TRUE,PEDRO CARAZO CARNICERO,, ,0000000000,TRUE
03,senate,1977-06-15,1,09,9,004,000087,4,TRUE,MANUEL CHAMON RUBIO,, ,0000000000,TRUE
03,senate,1977-06-15,1,09,9,011,000087,11,TRUE,FELIX PEREZ PEREZ,, ,0000000000,TRUE
03,senate,1977-06-15,1,09,9,002,000123,2,TRUE,VICENTE BEATO GONZALEZ,, ,0000000000,FALSE
03,senate,1977-06-15,1,09,9,008,000123,8,TRUE,JUAN JOSE LABORDA MARTIN,, ,0000000000,TRUE
03,senate,1977-06-15,1,09,9,014,000123,14,TRUE,JUAN LUIS DE SIMON TOBALI,NA, ,0000000000,FALSE
03,senate,1977-06-15,1,09,9,007,000124,7,TRUE,AVELINO GARCIA GONZALEZ,, ,0000000000,FALSE
03,senate,1977-06-15,1,09,9,013,000124,13,TRUE,JUAN RIU IZQUIERDO,, ,0000000000,FALSE
03,senate,1977-06-15,1,24,9,004,000009,4,TRUE,MANUEL DIEZ-ORDAS ORDAS,, ,0000000000,FALSE
03,senate,1977-06-15,1,24,9,005,000009,5,TRUE,ANGEL GONZALEZ ALVAREZ,, ,0000000000,FALSE
03,senate,1977-06-15,1,24,9,011,000009,11,TRUE,LUIS CARLOS VALLADARES DE,LA CUESTA, ,0000000000,FALSE
03,senate,1977-06-15,1,24,9,002,000012,2,TRUE,MILLAN BRAVO LOZANO,, ,0000000000,FALSE
03,senate,1977-06-15,1,24,9,009,000012,9,TRUE,ALFONSO PRIETO PRIETO,, ,0000000000,FALSE
03,senate,1977-06-15,1,24,9,007,000087,7,TRUE,ANGEL MARTINEZ FUERTES,, ,0000000000,TRUE
03,senate,1977-06-15,1,24,9,008,000087,8,TRUE,UBALDO NIETO DE ALBA,, ,0000000000,TRUE
03,senate,1977-06-15,1,24,9,010,000087,10,TRUE,JULIO CESAR RODRIGO DE SA,NTIAGO, ,0000000000,TRUE
03,senate,1977-06-15,1,24,9,001,000125,1,TRUE,JOSE ALVAREZ DE PAZ,, ,0000000000,FALSE
03,senate,1977-06-15,1,24,9,003,000125,3,TRUE,MIGUEL CORDERO DEL CAMPIL,LO, ,0000000000,TRUE
03,senate,1977-06-15,1,24,9,006,000125,6,TRUE,CRISTOBAL HALFFTER JIMENE,Z-ENCINA, ,0000000000,FALSE
03,senate,1977-06-15,1,34,9,005,000003,5,TRUE,JULIO CUENA FUENTE,, ,0000000000,FALSE
03,senate,1977-06-15,1,34,9,009,000003,9,TRUE,JOSE MARIA LOPEZ ARRIETA,, ,0000000000,FALSE
03,senate,1977-06-15,1,34,9,012,000003,12,TRUE,MARIO PASCUAL MATE,, ,0000000000,FALSE
03,senate,1977-06-15,1,34,9,001,000009,1,TRUE,TOMAS AGUADO DURANTEZ,, ,0000000000,FALSE
03,senate,1977-06-15,1,34,9,008,000009,8,TRUE,PATRICIO IZQUIERDO SARRO,, ,0000000000,FALSE
03,senate,1977-06-15,1,34,9,013,000009,13,TRUE,MONICA PLAZA DE PRADO,, ,0000000000,FALSE
03,senate,1977-06-15,1,34,9,004,000078,4,TRUE,JAIME CORTES FERNANDEZ,, ,0000000000,FALSE
03,senate,1977-06-15,1,34,9,011,000078,11,TRUE,GREGORIO OCHAGAVIA LANCHA,RES, ,0000000000,FALSE
03,senate,1977-06-15,1,34,9,014,000078,14,TRUE,FRANCISCO JAVIER YUSTE GR,IJALBA, ,0000000000,TRUE
03,senate,1977-06-15,1,34,9,003,000080,3,TRUE,NIEVES ARTAJO DE NO,, ,0000000000,FALSE
03,senate,1977-06-15,1,34,9,007,000080,7,TRUE,RAFAEL GUTIERREZ CARRIEDO,, ,0000000000,FALSE
03,senate,1977-06-15,1,34,9,002,000087,2,TRUE,JOSE LUIS ALONSO ALMODOVA,R, ,0000000000,TRUE
03,senate,1977-06-15,1,34,9,006,000087,6,TRUE,JUAN CARLOS GUERRA ZUNZUN,EGUI, ,0000000000,TRUE
03,senate,1977-06-15,1,34,9,010,000087,10,TRUE,JOSE LUIS LOPEZ HENARES,, ,0000000000,TRUE
03,senate,1977-06-15,1,37,9,001,000009,1,TRUE,JESUS ARAMBURU OLARAN,, ,0000000000,FALSE
03,senate,1977-06-15,1,37,9,008,000009,8,TRUE,ALBERTO NAVARRO GONZALEZ,, ,0000000000,FALSE
03,senate,1977-06-15,1,37,9,009,000009,9,TRUE,ILDEFONSO PEREZ DE HERRAS,TI Y NARVAEZ, ,0000000000,FALSE
03,senate,1977-06-15,1,37,9,007,000020,7,TRUE,CECILIO HERREROS UCEDA,, ,0000000000,FALSE
03,senate,1977-06-15,1,37,9,002,000080,2,TRUE,FERNANDO BEJAR DE AGUILAR,, ,0000000000,FALSE
03,senate,1977-06-15,1,37,9,004,000087,4,TRUE,MANUEL DELGADO SANCHEZ-AR,JONA, ,0000000000,TRUE
03,senate,1977-06-15,1,37,9,005,000087,5,TRUE,VIDAL GARCIA TABERNERO OR,IVE, ,0000000000,TRUE
03,senate,1977-06-15,1,37,9,011,000087,11,TRUE,ARGIMIRO SANCHEZ CENIZO,, ,0000000000,FALSE
03,senate,1977-06-15,1,37,9,012,000087,12,TRUE,FRANCISCO VICENTE DOMINGU,EZ, ,0000000000,TRUE
03,senate,1977-06-15,1,37,9,003,000126,3,TRUE,RAMIRO DE CASTRO SANTAMAR,IA, ,0000000000,FALSE
03,senate,1977-06-15,1,37,9,006,000126,6,TRUE,EMILIO HERRERO MARCOS,, ,0000000000,FALSE
03,senate,1977-06-15,1,37,9,010,000126,10,TRUE,LUIS PINEDO DE ALARCON,, ,0000000000,FALSE
03,senate,1977-06-15,1,37,9,013,000126,13,TRUE,ANGEL ZAMANILLO ENCINAS,, ,0000000000,TRUE
03,senate,1977-06-15,1,40,9,002,000008,2,TRUE,JULIO GARCIA IBAÑEZ,, ,0000000000,FALSE
03,senate,1977-06-15,1,40,9,004,000009,4,TRUE,JAVIER GIL DE BIEDMA Y VE,GA DE SEOANE, ,0000000000,FALSE
03,senate,1977-06-15,1,40,9,005,000009,5,TRUE,ANTONIO HORCAJO MATESANZ,, ,0000000000,FALSE
03,senate,1977-06-15,1,40,9,007,000060,7,TRUE,LUIS FELIPE PEÑALOSA CONT,RERAS, ,0000000000,FALSE
03,senate,1977-06-15,1,40,9,008,000078,8,TRUE,JOSE ANTONIO PEREZ GALLEG,O, ,0000000000,TRUE
03,senate,1977-06-15,1,40,9,009,000078,9,TRUE,LUIS RODRIGO CARRASCO,, ,0000000000,FALSE
03,senate,1977-06-15,1,40,9,011,000078,11,TRUE,LEOPOLDO TORRES BOURSAULT,, ,0000000000,FALSE
03,senate,1977-06-15,1,40,9,003,000080,3,TRUE,ALBINO GARCIA LOBO,, ,0000000000,FALSE
03,senate,1977-06-15,1,40,9,001,000087,1,TRUE,RAFAEL CALVO ORTEGA,, ,0000000000,TRUE
03,senate,1977-06-15,1,40,9,006,000087,6,TRUE,JULIO NIEVES BORREGO,, ,0000000000,TRUE
03,senate,1977-06-15,1,40,9,010,000087,10,TRUE,LUCIANO SANCHEZ REUS,, ,0000000000,TRUE
03,senate,1977-06-15,1,42,9,014,000009,14,TRUE,JOSE MARIA GREGORIO MARTI,NEZ VAL, ,0000000000,FALSE
03,senate,1977-06-15,1,42,9,015,000009,15,TRUE,ANDRES MEDINA MEDINA,, ,0000000000,FALSE
03,senate,1977-06-15,1,42,9,019,000009,19,TRUE,PABLO LUIS VELILLA ALCUBI,LLA, ,0000000000,FALSE
03,senate,1977-06-15,1,42,9,001,000035,1,TRUE,PABLO ABAD DE LA FUENTE,, ,0000000000,FALSE
03,senate,1977-06-15,1,42,9,012,000035,12,TRUE,SATURNINO LUNA FERNANDEZ,, ,0000000000,FALSE
03,senate,1977-06-15,1,42,9,013,000035,13,TRUE,JESUS A. MARTINEZ TRILLO-,FIGUEROA, ,0000000000,FALSE
03,senate,1977-06-15,1,42,9,011,000078,11,TRUE,ANTONIO LEON MUÑOZ,, ,0000000000,FALSE
03,senate,1977-06-15,1,42,9,016,000078,16,TRUE,MANUEL NUÑEZ ENCABO,, ,0000000000,FALSE
03,senate,1977-06-15,1,42,9,017,000078,17,TRUE,ANTONIO RUIZ RUIZ,, ,0000000000,FALSE
03,senate,1977-06-15,1,42,9,003,000127,3,TRUE,JESUS BORQUE GUILLEN,, ,0000000000,TRUE
03,senate,1977-06-15,1,42,9,005,000127,5,TRUE,FIDEL CARAZO HERNANDEZ,, ,0000000000,TRUE
03,senate,1977-06-15,1,42,9,006,000127,6,TRUE,NEMESIO CASADO CECILIA,, ,0000000000,FALSE
03,senate,1977-06-15,1,42,9,007,000127,7,TRUE,RAMIRO CERCOS PEREZ,, ,0000000000,TRUE
03,senate,1977-06-15,1,42,9,009,000127,9,TRUE,JOSE MARIA GARCIA ROYO,, ,0000000000,TRUE
03,senate,1977-06-15,1,42,9,010,000127,10,TRUE,VICTORINO GONZALO MUÑOZ,, ,0000000000,FALSE
03,senate,1977-06-15,1,42,9,018,000127,18,TRUE,JUAN SALA DE PABLO,, ,0000000000,FALSE
03,senate,1977-06-15,1,42,9,020,000127,20,TRUE,JOAQUIN YUS SERRANO,, ,0000000000,FALSE
03,senate,1977-06-15,1,42,9,002,000128,2,TRUE,JOSE BOROBIO ALVINA,, ,0000000000,FALSE
03,senate,1977-06-15,1,42,9,004,000128,4,TRUE,JUAN A. CANOVAS DEL CASTI,LLO FRAILE, ,0000000000,FALSE
03,senate,1977-06-15,1,42,9,008,000128,8,TRUE,JOSE MARIA ESCUIN VERA,, ,0000000000,FALSE
03,senate,1977-06-15,1,47,9,004,000008,4,TRUE,SIRO SEVERINO GARCIA RODR,IGUEZ, ,0000000000,FALSE
03,senate,1977-06-15,1,47,9,007,000008,7,TRUE,JAVIER HERNANDEZ DE LA RO,SA, ,0000000000,FALSE
03,senate,1977-06-15,1,47,9,009,000008,9,TRUE,JESUS MARTIN FERNANDEZ DE,VELASCO, ,0000000000,FALSE
03,senate,1977-06-15,1,47,9,001,000009,1,TRUE,JESUS CUETO SESMERO,, ,0000000000,FALSE
03,senate,1977-06-15,1,47,9,003,000009,3,TRUE,JERONIMO GALLEGO PEREZ,, ,0000000000,FALSE
03,senate,1977-06-15,1,47,9,014,000009,14,TRUE,ANTONIO D. SOLDEVILLA VIL,LAR, ,0000000000,FALSE
03,senate,1977-06-15,1,47,9,006,000032,6,TRUE,RAFAEL GONZALEZ YAÑEZ,, ,0000000000,FALSE
03,senate,1977-06-15,1,47,9,010,000033,10,TRUE,FRANCISCO MANUEL MARTIN P,ARRA, ,0000000000,FALSE
03,senate,1977-06-15,1,47,9,015,000062,15,TRUE,JULIO VALDEON BARUQUE,, ,0000000000,FALSE
03,senate,1977-06-15,1,47,9,005,000078,5,TRUE,PEDRO GOMEZ BOSQUE,, ,0000000000,TRUE
03,senate,1977-06-15,1,47,9,011,000080,11,TRUE,ANGEL NOMBELA VERA,, ,0000000000,FALSE
03,senate,1977-06-15,1,47,9,002,000087,2,TRUE,LUIS MIGUEL ENCISO RECIO,, ,0000000000,TRUE
03,senate,1977-06-15,1,47,9,008,000087,8,TRUE,ANTONIO MARTIN DESCALZO,, ,0000000000,TRUE
03,senate,1977-06-15,1,47,9,013,000087,13,TRUE,ALEJANDRO ROYO-VILLANOVA,Y PAYA, ,0000000000,TRUE
03,senate,1977-06-15,1,47,9,012,000129,12,TRUE,JESUS MANUEL REBOLLEDA LA,MBAS, ,0000000000,FALSE
03,senate,1977-06-15,1,47,9,016,000129,16,TRUE,BERNARDINO VERGARA GIL,, ,0000000000,FALSE
03,senate,1977-06-15,1,49,9,014,000006,14,TRUE,ALFREDO PORTO PEREZ,, ,0000000000,FALSE
03,senate,1977-06-15,1,49,9,003,000009,3,TRUE,AGUSTIN DE ASIS GARROTE,, ,0000000000,FALSE
03,senate,1977-06-15,1,49,9,009,000009,9,TRUE,MIGUEL GAMAZO PELAZ,, ,0000000000,FALSE
03,senate,1977-06-15,1,49,9,010,000009,10,TRUE,JESUS GARCIA MUÑOZ,, ,0000000000,FALSE
03,senate,1977-06-15,1,49,9,018,000009,18,TRUE,JUAN SEISDEDOS ROBLES,, ,0000000000,FALSE
03,senate,1977-06-15,1,49,9,002,000012,2,TRUE,FRANCISCO JOSE ALONSO ROD,RIGUEZ, ,0000000000,FALSE
03,senate,1977-06-15,1,49,9,016,000012,16,TRUE,IGNACIO SARDA MARTIN,, ,0000000000,FALSE
03,senate,1977-06-15,1,49,9,004,000032,4,TRUE,JUAN ANTONIO BARBA PALAO,, ,0000000000,FALSE
03,senate,1977-06-15,1,49,9,008,000032,8,TRUE,JOSE LUIS FERNANDEZ MUÑOZ,, ,0000000000,FALSE
03,senate,1977-06-15,1,49,9,017,000032,17,TRUE,JUAN JOSE SASTRE SASTRE,, ,0000000000,FALSE
03,senate,1977-06-15,1,49,9,013,000036,13,TRUE,LUIS MARTIN RODRIGUEZ,, ,0000000000,FALSE
03,senate,1977-06-15,1,49,9,001,000078,1,TRUE,MANUEL ALONSO NOVO,, ,0000000000,TRUE
03,senate,1977-06-15,1,49,9,005,000078,5,TRUE,JUAN CALVO MARTIN,, ,0000000000,FALSE
03,senate,1977-06-15,1,49,9,012,000078,12,TRUE,LUIS DE LA IGLESIA DE SAN,LUIS, ,0000000000,FALSE
03,senate,1977-06-15,1,49,9,011,000080,11,TRUE,ROMAN DE LA HIGUERA ALONS,O, ,0000000000,FALSE
03,senate,1977-06-15,1,49,9,006,000087,6,TRUE,VICTOR CARRASCAL FELGUERO,SO, ,0000000000,TRUE
03,senate,1977-06-15,1,49,9,007,000087,7,TRUE,VALERIANO ENRIQUEZ GONZAL,EZ, ,0000000000,TRUE
03,senate,1977-06-15,1,49,9,015,000087,15,TRUE,LUIS RODRIGUEZ SAN LEON,, ,0000000000,TRUE
03,senate,1977-06-15,1,08,9,009,000008,9,TRUE,CESAR MONTERO COLADO,, ,0000000000,FALSE
03,senate,1977-06-15,1,08,9,010,000008,10,TRUE,RAMON MORENO PERALES,, ,0000000000,FALSE
03,senate,1977-06-15,1,08,9,016,000008,16,TRUE,ENRIQUE SALVADOR HERNANDE,Z, ,0000000000,FALSE
03,senate,1977-06-15,1,08,9,001,000017,1,TRUE,ALFONSO BALCELLS GORINA,, ,0000000000,FALSE
03,senate,1977-06-15,1,08,9,003,000017,3,TRUE,RAMON BOBES MARLET,, ,0000000000,FALSE
03,senate,1977-06-15,1,08,9,013,000017,13,TRUE,JUAN MARIA ROGER GALLES,, ,0000000000,FALSE
03,senate,1977-06-15,1,08,9,006,000027,6,TRUE,MIGUEL COLL ALENTORN,, ,0000000000,FALSE
03,senate,1977-06-15,1,08,9,012,000027,12,TRUE,JOSEP PI-SUÑER CUBERTA,, ,0000000000,FALSE
03,senate,1977-06-15,1,08,9,019,000027,19,TRUE,FRANCESC VIADIU VENDRELL,, ,0000000000,FALSE
03,senate,1977-06-15,1,08,9,002,000073,2,TRUE,JOSE BENET MORELL,, ,0000000000,TRUE
03,senate,1977-06-15,1,08,9,004,000073,4,TRUE,FRANCISCO CANDEL TORTAJAD,A, ,0000000000,TRUE
03,senate,1977-06-15,1,08,9,005,000073,5,TRUE,ALEXANDRE CIRICI PELLICER,, ,0000000000,TRUE
03,senate,1977-06-15,1,08,9,007,000087,7,TRUE,GUILLERMO DIAZ PLAJA,, ,0000000000,FALSE
03,senate,1977-06-15,1,08,9,011,000087,11,TRUE,ESTEBAN NEGRA VALLS,, ,0000000000,FALSE
03,senate,1977-06-15,1,08,9,018,000087,18,TRUE,JOSE ANTONIO TORROJA CAVA,NILLAS, ,0000000000,FALSE
03,senate,1977-06-15,1,08,9,017,000115,17,TRUE,EDUARDO TARRAGONA CORBELL,A, ,0000000000,FALSE
03,senate,1977-06-15,1,08,9,020,000115,20,TRUE,LUIS MARIA XIRINACH DAMIA,NS, ,0000000000,TRUE
03,senate,1977-06-15,1,08,9,008,000130,8,TRUE,EPIFANI DE FORTUNY I DE S,ALAZAR, ,0000000000,FALSE
03,senate,1977-06-15,1,08,9,014,000130,14,TRUE,ANTONI ROLDAN I RODRIGUEZ,, ,0000000000,FALSE
03,senate,1977-06-15,1,08,9,015,000130,15,TRUE,OCTAVI SALTOR I SOLER,, ,0000000000,FALSE
03,senate,1977-06-15,1,17,9,002,000009,2,TRUE,JOAQUIN CASADEVALL GUIXER,AS, ,0000000000,FALSE
03,senate,1977-06-15,1,17,9,012,000009,12,TRUE,JOAN ROSA LLOSA,, ,0000000000,FALSE
03,senate,1977-06-15,1,17,9,015,000009,15,TRUE,CARMELO VALENCIANO GARRO,, ,0000000000,FALSE
03,senate,1977-06-15,1,17,9,009,000073,9,TRUE,PEDRO PORTABELLA RAFOLS,, ,0000000000,TRUE
03,senate,1977-06-15,1,17,9,013,000073,13,TRUE,JAIME SOBREQUES CALLICO,, ,0000000000,TRUE
03,senate,1977-06-15,1,17,9,014,000073,14,TRUE,SALVADOR SUNYER AYMERICH,, ,0000000000,TRUE
03,senate,1977-06-15,1,17,9,003,000087,3,TRUE,JOSE MARIA CLUA VILADRICH,, ,0000000000,FALSE
03,senate,1977-06-15,1,17,9,004,000087,4,TRUE,JOAQUIN CRUMOLS TORALLES,, ,0000000000,FALSE
03,senate,1977-06-15,1,17,9,010,000087,10,TRUE,ALBERTO DE QUINTANA VERGE,S, ,0000000000,FALSE
03,senate,1977-06-15,1,17,9,001,000130,1,TRUE,MANUEL BONMATI ROMAGUERA,, ,0000000000,FALSE
03,senate,1977-06-15,1,17,9,008,000130,8,TRUE,FRANCISCO DE P. LLACH I P,UIG, ,0000000000,FALSE
03,senate,1977-06-15,1,17,9,011,000130,11,TRUE,FELIX ROMEU I PERLAS,, ,0000000000,FALSE
03,senate,1977-06-15,1,17,9,005,000131,5,TRUE,FRANCESC FERRER I GIRONES,, ,0000000000,TRUE
03,senate,1977-06-15,1,17,9,006,000131,6,TRUE,JOAQUIN GENOVER VILA,, ,0000000000,FALSE
03,senate,1977-06-15,1,17,9,007,000131,7,TRUE,"TERESA JUVE ACERO, VDA. P",ALLACH, ,0000000000,FALSE
03,senate,1977-06-15,1,25,9,004,000009,4,TRUE,SAMUEL CLUA PALAU,, ,0000000000,FALSE
03,senate,1977-06-15,1,25,9,006,000009,6,TRUE,MIGUEL COSTA ORTEGA,, ,0000000000,FALSE
03,senate,1977-06-15,1,25,9,007,000009,7,TRUE,JOAQUIN MASANES CAPDEVILA,, ,0000000000,FALSE
03,senate,1977-06-15,1,25,9,002,000073,2,TRUE,ROSENDO AUDET PUNCERNAU,, ,0000000000,TRUE
03,senate,1977-06-15,1,25,9,003,000073,3,TRUE,JOSE BALL ARMENGOL,, ,0000000000,TRUE
03,senate,1977-06-15,1,25,9,012,000073,12,TRUE,FELIPE SOLER SABARIS,, ,0000000000,TRUE
03,senate,1977-06-15,1,25,9,001,000084,1,TRUE,MERCEDES AGUADO LOPEZ,, ,0000000000,FALSE
03,senate,1977-06-15,1,25,9,008,000087,8,TRUE,MIGUEL MONTAÑA CARRERA,, ,0000000000,FALSE
03,senate,1977-06-15,1,25,9,009,000087,9,TRUE,JOSE MARIA MORA MASCARO,, ,0000000000,FALSE
03,senate,1977-06-15,1,25,9,010,000088,10,TRUE,CELESTI POL I POL,, ,0000000000,FALSE
03,senate,1977-06-15,1,25,9,005,000131,5,TRUE,JOAN CORNUDELLA BARBERA,, ,0000000000,FALSE
03,senate,1977-06-15,1,25,9,011,000132,11,TRUE,MARIA RUBIES GARROFE,, ,0000000000,TRUE
03,senate,1977-06-15,1,25,9,013,000133,13,TRUE,JOAQUIN VIOLA SAURET,, ,0000000000,FALSE
03,senate,1977-06-15,1,43,9,003,000009,3,TRUE,IGNACIO BUQUERAS BACH,, ,0000000000,FALSE
03,senate,1977-06-15,1,43,9,006,000009,6,TRUE,JOAQUIN FABRA GRIFOLL,, ,0000000000,FALSE
03,senate,1977-06-15,1,43,9,014,000009,14,TRUE,RICARDO VILAR GUIX,, ,0000000000,FALSE
03,senate,1977-06-15,1,43,9,002,000073,2,TRUE,JOSE ANTONIO BAIXERAS SAS,TRE, ,0000000000,TRUE
03,senate,1977-06-15,1,43,9,008,000073,8,TRUE,CARLOS MARTI MASSAGUE,, ,0000000000,TRUE
03,senate,1977-06-15,1,43,9,012,000073,12,TRUE,JOSE SUBIRATS PIÑANA,, ,0000000000,TRUE
03,senate,1977-06-15,1,43,9,004,000087,4,TRUE,EMILIO CASALS PARRAL,, ,0000000000,TRUE
03,senate,1977-06-15,1,43,9,009,000087,9,TRUE,ENRIQUE NOMEN BORRAS,, ,0000000000,FALSE
03,senate,1977-06-15,1,43,9,010,000087,10,TRUE,ALFREDO PASTOR PASTOR,, ,0000000000,FALSE
03,senate,1977-06-15,1,43,9,001,000115,1,TRUE,MANUEL ARAGONES VIRGILI,, ,0000000000,FALSE
03,senate,1977-06-15,1,43,9,005,000115,5,TRUE,GUILLERMO COMPANYS BOLDU,, ,0000000000,FALSE
03,senate,1977-06-15,1,43,9,007,000131,7,TRUE,GABRIEL FERRATE PASCUAL,, ,0000000000,FALSE
03,senate,1977-06-15,1,43,9,011,000131,11,TRUE,AGUSTIN ROSELL SAURINA,, ,0000000000,FALSE
03,senate,1977-06-15,1,43,9,013,000131,13,TRUE,ENRIQUE VENDRELL DURAN,, ,0000000000,FALSE
03,senate,1977-06-15,1,06,9,003,000008,3,TRUE,LUIS DEL BARCO ZARZA,, ,0000000000,FALSE
03,senate,1977-06-15,1,06,9,012,000008,12,TRUE,JOSE ANTONIO PECHE PRIMO,DE RIVERA, ,0000000000,FALSE
03,senate,1977-06-15,1,06,9,002,000009,2,TRUE,ANTONIO ANDRINO VALENCIA,, ,0000000000,FALSE
03,senate,1977-06-15,1,06,9,006,000009,6,TRUE,JUAN DIAZ-AMBRONA BARDAJI,, ,0000000000,FALSE
03,senate,1977-06-15,1,06,9,009,000009,9,TRUE,MANUEL GASSET DORADO,, ,0000000000,FALSE
03,senate,1977-06-15,1,06,9,005,000012,5,TRUE,BLAS CURADO GARCIA,, ,0000000000,FALSE
03,senate,1977-06-15,1,06,9,001,000080,1,TRUE,MIGUEL ALVAREZ ENCINAS,, ,0000000000,FALSE
03,senate,1977-06-15,1,06,9,013,000080,13,TRUE,FRANCISCO PITARQUE PARDOS,, ,0000000000,FALSE
03,senate,1977-06-15,1,06,9,014,000087,14,TRUE,LUIS-JACINTO RAMALLO GARC,IA, ,0000000000,TRUE
03,senate,1977-06-15,1,06,9,015,000087,15,TRUE,VICENTE SANCHEZ CUADRADO,, ,0000000000,TRUE
03,senate,1977-06-15,1,06,9,004,000134,4,TRUE,JUAN ANTONIO CANSINOS RIO,BOO, ,0000000000,TRUE
03,senate,1977-06-15,1,06,9,008,000134,8,TRUE,ANTONIO GARCIA FRANCO,, ,0000000000,FALSE
03,senate,1977-06-15,1,06,9,011,000134,11,TRUE,ALFONSO MORENO DE ACEVEDO,SAMPEDRO, ,0000000000,TRUE
03,senate,1977-06-15,1,06,9,007,000135,7,TRUE,ANTONIO DEL FORCALLO GONZ,ALEZ, ,0000000000,FALSE
03,senate,1977-06-15,1,06,9,010,000135,10,TRUE,FERNANDO IÑIGUEZ SANCHEZ-,ARJONA, ,0000000000,FALSE
03,senate,1977-06-15,1,10,9,001,000009,1,TRUE,JESUS APARICIO GONZALEZ,, ,0000000000,FALSE
03,senate,1977-06-15,1,10,9,003,000009,3,TRUE,JOSE BLANCO RODRIGUEZ,, ,0000000000,FALSE
03,senate,1977-06-15,1,10,9,008,000009,8,TRUE,CARLOS FALCO FERNANDEZ DE,CORDOVA, ,0000000000,FALSE
03,senate,1977-06-15,1,10,9,016,000033,16,TRUE,PEDRO OLMOS DIAZ,, ,0000000000,FALSE
03,senate,1977-06-15,1,10,9,020,000033,20,TRUE,PEDRO VARGAS REVERT,, ,0000000000,FALSE
03,senate,1977-06-15,1,10,9,009,000062,9,TRUE,MODESTO-ALFREDO GOMEZ ROD,RIGUEZ, ,0000000000,FALSE
03,senate,1977-06-15,1,10,9,015,000062,15,TRUE,RAFAEL NAVARRO JUAN,, ,0000000000,FALSE
03,senate,1977-06-15,1,10,9,014,000078,14,TRUE,PABLO NARANJO PORRAS,, ,0000000000,TRUE
03,senate,1977-06-15,1,10,9,017,000078,17,TRUE,ANGEL PEREZ NEILA,, ,0000000000,FALSE
03,senate,1977-06-15,1,10,9,021,000078,21,TRUE,ANTONIO VAZQUEZ LOPEZ,, ,0000000000,FALSE
03,senate,1977-06-15,1,10,9,013,000080,13,TRUE,JERONIMO MATEOS CALVO,, ,0000000000,FALSE
03,senate,1977-06-15,1,10,9,022,000080,22,TRUE,FELIPE VIVAS VILLA,, ,0000000000,FALSE
03,senate,1977-06-15,1,10,9,002,000084,2,TRUE,MANUEL AREVALO GONZALEZ,, ,0000000000,FALSE
03,senate,1977-06-15,1,10,9,006,000084,6,TRUE,CASTOR DIAZ GARCIA,, ,0000000000,FALSE
03,senate,1977-06-15,1,10,9,007,000084,7,TRUE,FERNANDO ENRIQUEZ ACOSTA,, ,0000000000,FALSE
03,senate,1977-06-15,1,10,9,004,000087,4,TRUE,PEDRO CAÑADA CASTILLO,, ,0000000000,TRUE
03,senate,1977-06-15,1,10,9,011,000087,11,TRUE,JOAQUIN HURTADO SIMON,, ,0000000000,TRUE
03,senate,1977-06-15,1,10,9,018,000087,18,TRUE,ANTONIO RODRIGUEZ REGUERA,, ,0000000000,TRUE
03,senate,1977-06-15,1,10,9,019,000097,19,TRUE,GONZALO SANCHEZ-RODRIGO M,ARTIN, ,0000000000,FALSE
03,senate,1977-06-15,1,10,9,010,000104,10,TRUE,VICTOR GUTIERREZ SALMADOR,, ,0000000000,FALSE
03,senate,1977-06-15,1,10,9,005,000115,5,TRUE,ALFONSO DIAZ DE BUSTAMANT,E Y QUIJANO, ,0000000000,FALSE
03,senate,1977-06-15,1,10,9,012,000115,12,TRUE,ALBERTO MARTIN ALFONSO,, ,0000000000,FALSE
03,senate,1977-06-15,1,15,9,004,000009,4,TRUE,ROGELIO ROMAN CENALMOR RA,MOS, ,0000000000,FALSE
03,senate,1977-06-15,1,15,9,008,000009,8,TRUE,ANTONIO GIL CASARES PEREZ,, ,0000000000,FALSE
03,senate,1977-06-15,1,15,9,011,000009,11,TRUE,FRANCISCO JIMENEZ DE LLAN,O, ,0000000000,FALSE
03,senate,1977-06-15,1,15,9,005,000012,5,TRUE,MANUEL CORRAL MARTINEZ,, ,0000000000,FALSE
03,senate,1977-06-15,1,15,9,014,000012,14,TRUE,JACOBO MONTERO REGUEIRO,, ,0000000000,FALSE
03,senate,1977-06-15,1,15,9,016,000012,16,TRUE,CESAR PICATOSTE FRANCOS,, ,0000000000,FALSE
03,senate,1977-06-15,1,15,9,001,000014,1,TRUE,JOSE AGRELO HERMO,, ,0000000000,FALSE
03,senate,1977-06-15,1,15,9,018,000014,18,TRUE,RAMON VALCARCEL VEGA,, ,0000000000,FALSE
03,senate,1977-06-15,1,15,9,007,000065,7,TRUE,JESUS FERNANDEZ DE PUELLE,S NOVOA, ,0000000000,FALSE
03,senate,1977-06-15,1,15,9,015,000065,15,TRUE,FLORENTINO MORAN LOPEZ,, ,0000000000,FALSE
03,senate,1977-06-15,1,15,9,012,000080,12,TRUE,JUAN LUIS MARCHINI BRAVO,, ,0000000000,FALSE
03,senate,1977-06-15,1,15,9,003,000084,3,TRUE,JOSE BARBEITO NAYA,, ,0000000000,FALSE
03,senate,1977-06-15,1,15,9,006,000087,6,TRUE,BALDOMERO FERNANDEZ CALVI,ÑO, ,0000000000,TRUE
03,senate,1977-06-15,1,15,9,009,000087,9,TRUE,JUAN ANTONIO GRAIÑO AMARE,LLE, ,0000000000,TRUE
03,senate,1977-06-15,1,15,9,017,000087,17,TRUE,JOSE MARIA DAVID SUAREZ N,UÑEZ, ,0000000000,TRUE
03,senate,1977-06-15,1,15,9,002,000136,2,TRUE,CARLOS AMABLE BALIÑAS FER,NANDEZ, ,0000000000,FALSE
03,senate,1977-06-15,1,15,9,010,000136,10,TRUE,MANUEL IGLESIAS CORRAL,, ,0000000000,TRUE
03,senate,1977-06-15,1,15,9,013,000136,13,TRUE,SEBASTIAN MARTINEZ-RISCO,Y MACIAS, ,0000000000,FALSE
03,senate,1977-06-15,1,27,9,019,000008,19,TRUE,JUAN MANUEL VIDAL PARDO,, ,0000000000,FALSE
03,senate,1977-06-15,1,27,9,002,000009,2,TRUE,FRANCISCO CACHARRO PARDO,, ,0000000000,TRUE
03,senate,1977-06-15,1,27,9,011,000009,11,TRUE,ANTONIO PEDROSA LATAS,, ,0000000000,FALSE
03,senate,1977-06-15,1,27,9,014,000009,14,TRUE,ARMANDO RODRIGUEZ CASTRO,, ,0000000000,FALSE
03,senate,1977-06-15,1,27,9,006,000014,6,TRUE,MANUEL M. FERNANDEZ TEIJE,IRO, ,0000000000,FALSE
03,senate,1977-06-15,1,27,9,008,000014,8,TRUE,FRANCISCO LOPEZ QUINTE,, ,0000000000,FALSE
03,senate,1977-06-15,1,27,9,015,000014,15,TRUE,JOSE MANUEL RODRIGUEZ MAR,TINEZ, ,0000000000,FALSE
03,senate,1977-06-15,1,27,9,003,000078,3,TRUE,JACINTO CALVO LOPEZ,, ,0000000000,FALSE
03,senate,1977-06-15,1,27,9,004,000078,4,TRUE,ISAAC DIAZ PARDO,, ,0000000000,FALSE
03,senate,1977-06-15,1,27,9,012,000078,12,TRUE,RAMON PIÑEIRO LOPEZ,, ,0000000000,FALSE
03,senate,1977-06-15,1,27,9,001,000080,1,TRUE,CARLOS ALBEROLA GOMEZ-ESC,OLAR, ,0000000000,FALSE
03,senate,1977-06-15,1,27,9,005,000080,5,TRUE,MARIA ELENA ESTEVEZ VILA,, ,0000000000,FALSE
03,senate,1977-06-15,1,27,9,010,000080,10,TRUE,MANUEL NEIRA POL,, ,0000000000,FALSE
03,senate,1977-06-15,1,27,9,009,000084,9,TRUE,ANTONIO MARTINEZ VAZQUEZ,, ,0000000000,FALSE
03,senate,1977-06-15,1,27,9,013,000084,13,TRUE,JORGE PITEIRA FERNANDEZ,, ,0000000000,FALSE
03,senate,1977-06-15,1,27,9,018,000084,18,TRUE,HORTENSIO VAZQUEZ VALCARC,EL, ,0000000000,FALSE
03,senate,1977-06-15,1,27,9,007,000087,7,TRUE,GERARDO HARGUINDEY BANET,, ,0000000000,TRUE
03,senate,1977-06-15,1,27,9,016,000087,16,TRUE,CANDIDO SANCHEZ CASTIÑEIR,AS, ,0000000000,TRUE
03,senate,1977-06-15,1,27,9,017,000087,17,TRUE,JULIO ULLOA VENCE,, ,0000000000,TRUE
03,senate,1977-06-15,1,32,9,019,000008,19,TRUE,LUIS MARIA VILLARINO SANC,HEZ, ,0000000000,FALSE
03,senate,1977-06-15,1,32,9,007,000009,7,TRUE,FERNANDO GONZALEZ SUAREZ,, ,0000000000,FALSE
03,senate,1977-06-15,1,32,9,010,000009,10,TRUE,FELIX JOSE MENOR QUINTAIR,OS, ,0000000000,FALSE
03,senate,1977-06-15,1,32,9,018,000009,18,TRUE,INDALECIO VIDAL IGLESIAS,, ,0000000000,FALSE
03,senate,1977-06-15,1,32,9,002,000014,2,TRUE,FRANCISCO CARBALLO CARBAL,LO, ,0000000000,FALSE
03,senate,1977-06-15,1,32,9,004,000014,4,TRUE,ANTONIO FERNANDEZ SANCHEZ,, ,0000000000,FALSE
03,senate,1977-06-15,1,32,9,016,000014,16,TRUE,ANTONIO ROMASANTA VILARCH,AO, ,0000000000,FALSE
03,senate,1977-06-15,1,32,9,009,000080,9,TRUE,ANSELMO LOPEZ MORAIS,, ,0000000000,FALSE
03,senate,1977-06-15,1,32,9,013,000084,13,TRUE,DANIEL REGALADO AZNAR,, ,0000000000,FALSE
03,senate,1977-06-15,1,32,9,017,000084,17,TRUE,FERNANDO VALENCIA SOTELO,, ,0000000000,FALSE
03,senate,1977-06-15,1,32,9,006,000087,6,TRUE,LUIS GONZALEZ SEARA,, ,0000000000,TRUE
03,senate,1977-06-15,1,32,9,012,000087,12,TRUE,JOSE QUIROGA SUAREZ,, ,0000000000,TRUE
03,senate,1977-06-15,1,32,9,015,000087,15,TRUE,JOSE RODRIGUEZ REZA,, ,0000000000,TRUE
03,senate,1977-06-15,1,32,9,003,000136,3,TRUE,JESUS DOCAMPO MOSQUERA,, ,0000000000,FALSE
03,senate,1977-06-15,1,32,9,005,000136,5,TRUE,CELSO EMILIO FERREIRO MIG,UEZ, ,0000000000,FALSE
03,senate,1977-06-15,1,32,9,011,000136,11,TRUE,CELSO MONTERO RODRIGUEZ,, ,0000000000,TRUE
03,senate,1977-06-15,1,32,9,001,000137,1,TRUE,ANTONIO AGUIRRE RIVAS,, ,0000000000,FALSE
03,senate,1977-06-15,1,32,9,008,000137,8,TRUE,LUIS IGLESIAS ALVAREZ,, ,0000000000,FALSE
03,senate,1977-06-15,1,32,9,014,000137,14,TRUE,CESAR RODRIGUEZ DOCAMPO,, ,0000000000,FALSE
03,senate,1977-06-15,1,36,9,003,000009,3,TRUE,CASTOR ALONSO BAR,, ,0000000000,FALSE
03,senate,1977-06-15,1,36,9,012,000009,12,TRUE,ANTONIO PUIG GAITE,, ,0000000000,FALSE
03,senate,1977-06-15,1,36,9,007,000014,7,TRUE,FRANCISCO LORES SANTACECI,LIA, ,0000000000,FALSE
03,senate,1977-06-15,1,36,9,008,000014,8,TRUE,CAMILO NOGUEIRA ROMAN,, ,0000000000,FALSE
03,senate,1977-06-15,1,36,9,010,000014,10,TRUE,ELADIO PEREZ GONZALEZ,, ,0000000000,FALSE
03,senate,1977-06-15,1,36,9,001,000080,1,TRUE,GONZALO ADRID BARREIRO,, ,0000000000,FALSE
03,senate,1977-06-15,1,36,9,005,000087,5,TRUE,MANUEL FONTOIRA SURIS,, ,0000000000,TRUE
03,senate,1977-06-15,1,36,9,006,000087,6,TRUE,JOSE GARCIA GARCIA,, ,0000000000,TRUE
03,senate,1977-06-15,1,36,9,011,000087,11,TRUE,DAVID PEREZ PUGA,, ,0000000000,TRUE
03,senate,1977-06-15,1,36,9,002,000136,2,TRUE,FERNANDO ALONSO AMAT,, ,0000000000,FALSE
03,senate,1977-06-15,1,36,9,004,000136,4,TRUE,FRANCISCO FERNANDEZ DEL R,IEGO, ,0000000000,FALSE
03,senate,1977-06-15,1,36,9,009,000136,9,TRUE,VALENTIN PAZ ANDRADE,, ,0000000000,TRUE
03,senate,1977-06-15,1,28,9,011,000008,11,TRUE,ALFONSO DE FIGUEROA MELGA,R, ,0000000000,FALSE
03,senate,1977-06-15,1,28,9,015,000008,15,TRUE,PEDRO GONZALEZ-BUENO BENI,TEZ, ,0000000000,FALSE
03,senate,1977-06-15,1,28,9,016,000008,16,TRUE,FRANCISCO DE GUINEA Y GAU,NA, ,0000000000,FALSE
03,senate,1977-06-15,1,28,9,003,000009,3,TRUE,CARLOS ARIAS NAVARRO,, ,0000000000,FALSE
03,senate,1977-06-15,1,28,9,005,000009,5,TRUE,JAVIER CARVAJAL FERRER,, ,0000000000,FALSE
03,senate,1977-06-15,1,28,9,019,000009,19,TRUE,TORCUATO LUCA DE TENA Y B,RUNET, ,0000000000,FALSE
03,senate,1977-06-15,1,28,9,020,000012,20,TRUE,ERNESTO NAVARRO MARQUEZ,, ,0000000000,FALSE
03,senate,1977-06-15,1,28,9,021,000012,21,TRUE,CARLOS ORTIZ MANSBERGER,, ,0000000000,FALSE
03,senate,1977-06-15,1,28,9,026,000012,26,TRUE,FELIPE RONDA ORTEGA,, ,0000000000,FALSE
03,senate,1977-06-15,1,28,9,006,000067,6,TRUE,TOMAS CARRASCOSO MORENO,, ,0000000000,FALSE
03,senate,1977-06-15,1,28,9,022,000067,22,TRUE,JULIAN DE POO Y PARDO,, ,0000000000,FALSE
03,senate,1977-06-15,1,28,9,028,000067,28,TRUE,ISABEL SIMANCAS PEREZ,, ,0000000000,FALSE
03,senate,1977-06-15,1,28,9,002,000080,2,TRUE,JOSE ALONSO PEREZ,, ,0000000000,TRUE
03,senate,1977-06-15,1,28,9,004,000080,4,TRUE,MARIA TERESA BAIGES ARTIS,, ,0000000000,FALSE
03,senate,1977-06-15,1,28,9,007,000080,7,TRUE,EMILIO CASSINELLO AUBAN,, ,0000000000,FALSE
03,senate,1977-06-15,1,28,9,017,000084,17,TRUE,JUAN ANTONIO DE LARA NIET,O, ,0000000000,FALSE
03,senate,1977-06-15,1,28,9,023,000084,23,TRUE,LUIS RAMIREZ RUIZ,, ,0000000000,FALSE
03,senate,1977-06-15,1,28,9,024,000084,24,TRUE,GREGORIO RODRIGUEZ ACOSTA,, ,0000000000,FALSE
03,senate,1977-06-15,1,28,9,025,000084,25,TRUE,BENIGNO RODRIGUEZ ALDA,, ,0000000000,FALSE
03,senate,1977-06-15,1,28,9,010,000087,10,TRUE,NEMESIO FERNANDEZ CUESTA,Y DE ILLANA, ,0000000000,FALSE
03,senate,1977-06-15,1,28,9,014,000087,14,TRUE,VIRGINIA COMEZ-ACEBO POMB,O, ,0000000000,FALSE
03,senate,1977-06-15,1,28,9,018,000087,18,TRUE,JOSE MARIA LOPEZ MALLA,, ,0000000000,FALSE
03,senate,1977-06-15,1,28,9,001,000103,1,TRUE,MARIANO AGUILAR NAVARRO,, ,0000000000,TRUE
03,senate,1977-06-15,1,28,9,027,000103,27,TRUE,JOAQUIN SATRUSTEGUI FERNA,NDEZ, ,0000000000,TRUE
03,senate,1977-06-15,1,28,9,029,000103,29,TRUE,MANUEL VILLAR ARREGUI,, ,0000000000,TRUE
03,senate,1977-06-15,1,28,9,008,000138,8,TRUE,JUANA DOÑA JIMENEZ,, ,0000000000,FALSE
03,senate,1977-06-15,1,28,9,009,000139,9,TRUE,FERNANDO JAVIER ENEBRAL C,ASARES, ,0000000000,FALSE
03,senate,1977-06-15,1,28,9,013,000140,13,TRUE,RAMON GODINO PARDO,, ,0000000000,FALSE
03,senate,1977-06-15,1,28,9,012,000141,12,TRUE,MIGUEL ANGEL FORURIA Y FR,ANCO, ,0000000000,FALSE
03,senate,1977-06-15,1,31,9,017,000005,17,TRUE,JOSE JAVIER LOPEZ JACOIST,E, ,0000000000,FALSE
03,senate,1977-06-15,1,31,9,019,000005,19,TRUE,TOMAS MARIN ORDOQUI,, ,0000000000,FALSE
03,senate,1977-06-15,1,31,9,022,000005,22,TRUE,JAVIER NAGORE YARNOZ,, ,0000000000,FALSE
03,senate,1977-06-15,1,31,9,008,000008,8,TRUE,NEMESIO CORTES IZAL,, ,0000000000,FALSE
03,senate,1977-06-15,1,31,9,014,000008,14,TRUE,FERNANDO JIMENEZ FUENTES,, ,0000000000,FALSE
03,senate,1977-06-15,1,31,9,016,000008,16,TRUE,FRANCISCO JAVIER LIZARZA,INDA, ,0000000000,FALSE
03,senate,1977-06-15,1,31,9,004,000039,4,TRUE,VICTOR MANUEL ARBELOA MUR,U, ,0000000000,FALSE
03,senate,1977-06-15,1,31,9,011,000039,11,TRUE,FLORENCIO GOÑI SIMON,, ,0000000000,FALSE
03,senate,1977-06-15,1,31,9,015,000039,15,TRUE,RAMIRO LAYANA BURGUETE,, ,0000000000,FALSE
03,senate,1977-06-15,1,31,9,006,000057,6,TRUE,JUAN PEDRO ARRAIZA REDRIG,UEZ-MONTE, ,0000000000,FALSE
03,senate,1977-06-15,1,31,9,023,000057,23,TRUE,JOSE OLLO AZCONA,, ,0000000000,FALSE
03,senate,1977-06-15,1,31,9,024,000057,24,TRUE,JOSE ANGEL PEREZ-NIEVAS A,BASCAL, ,0000000000,FALSE
03,senate,1977-06-15,1,31,9,005,000062,5,TRUE,RAMON AROZARENA SANZBERRO,, ,0000000000,FALSE
03,senate,1977-06-15,1,31,9,009,000087,9,TRUE,JAIME DEL BURGO TAJADURA,, ,0000000000,TRUE
03,senate,1977-06-15,1,31,9,020,000087,20,TRUE,JOSE LUIS MONGE RECALDE,, ,0000000000,TRUE
03,senate,1977-06-15,1,31,9,026,000087,26,TRUE,JOSE GABRIEL SARASA MIQUE,LEZ, ,0000000000,TRUE
03,senate,1977-06-15,1,31,9,002,000142,2,TRUE,FRANCISCO ALAVA JIMENEZ,, ,0000000000,FALSE
03,senate,1977-06-15,1,31,9,007,000142,7,TRUE,CARLOS CLAVERIA ARZA,, ,0000000000,FALSE
03,senate,1977-06-15,1,31,9,013,000142,13,TRUE,MANUEL IRUJO OLLO,, ,0000000000,TRUE
03,senate,1977-06-15,1,31,9,010,000143,10,TRUE,JESUS EZPONDA GARAICOECHE,A, ,0000000000,FALSE
03,senate,1977-06-15,1,31,9,001,000144,1,TRUE,FERNANDO ACHA ASENSIO,, ,0000000000,FALSE
03,senate,1977-06-15,1,31,9,021,000144,21,TRUE,MIGUEL ANGEL MUEZ ORORBIA,, ,0000000000,FALSE
03,senate,1977-06-15,1,31,9,027,000144,27,TRUE,FRANCISCO JUAN ZABALETA Z,ABALETA, ,0000000000,FALSE
03,senate,1977-06-15,1,31,9,025,000145,25,TRUE,JESUS MARIA SAN MARTIN AS,IAIN, ,0000000000,FALSE
03,senate,1977-06-15,1,31,9,003,000146,3,TRUE,JUAN JOSE ARAUJO MUGICA,, ,0000000000,FALSE
03,senate,1977-06-15,1,31,9,012,000146,12,TRUE,TEODORO GOYENA ALMANDOZ,, ,0000000000,FALSE
03,senate,1977-06-15,1,31,9,018,000146,18,TRUE,JUAN FRANCISCO MARCEN PAN,IZO, ,0000000000,FALSE
03,senate,1977-06-15,1,01,9,004,000009,4,TRUE,JOSE MIGUEL CERVERA VELAS,CO, ,0000000000,FALSE
03,senate,1977-06-15,1,01,9,006,000009,6,TRUE,IGNACIO MENCHACATORRE DIA,Z DE MENDIVIL, ,0000000000,FALSE
03,senate,1977-06-15,1,01,9,009,000009,9,TRUE,MARIA JOSEFA OCHOA GONZAL,EZ DE ECHAVARRI, ,0000000000,FALSE
03,senate,1977-06-15,1,01,9,002,000012,2,TRUE,JESUS MARIA ARNAL LOPEZ D,E LA CALLE, ,0000000000,FALSE
03,senate,1977-06-15,1,01,9,007,000012,7,TRUE,LORENZO MUNGUIRA DIEZ,, ,0000000000,FALSE
03,senate,1977-06-15,1,01,9,012,000025,12,TRUE,CARMEN TORIJA ERRERA,, ,0000000000,FALSE
03,senate,1977-06-15,1,01,9,011,000063,11,TRUE,ADRIAN RUIZ DE AUSTRI RUI,Z DE AUSTRI, ,0000000000,FALSE
03,senate,1977-06-15,1,01,9,003,000069,3,TRUE,RAMON BAJO FANLO,, ,0000000000,TRUE
03,senate,1977-06-15,1,01,9,001,000076,1,TRUE,LUIS ALBERTO AGUIRIANO PO,RRIES, ,0000000000,TRUE
03,senate,1977-06-15,1,01,9,005,000087,5,TRUE,ALFREDO MARCO TABAR,, ,0000000000,TRUE
03,senate,1977-06-15,1,01,9,008,000087,8,TRUE,JOSE MARIA NASARRE DE LET,OSA CONDE, ,0000000000,FALSE
03,senate,1977-06-15,1,01,9,013,000087,13,TRUE,GUILLERMO VALLE YUSTAS,, ,0000000000,FALSE
03,senate,1977-06-15,1,01,9,010,000147,10,TRUE,IGNACIO OREGUI COERAGA,, ,0000000000,TRUE
03,senate,1977-06-15,1,20,9,001,000025,1,TRUE,EUSEBIO AGUIRRE RETEGUI,, ,0000000000,FALSE
03,senate,1977-06-15,1,20,9,007,000025,7,TRUE,MIGUEL CASTELLS ADRIANSEN,S, ,0000000000,FALSE
03,senate,1977-06-15,1,20,9,008,000025,8,TRUE,PEDRO MARIA DIAZ-CANO ESP,INOSA, ,0000000000,FALSE
03,senate,1977-06-15,1,20,9,013,000026,13,TRUE,JAIME MAYOR OREJA,, ,0000000000,FALSE
03,senate,1977-06-15,1,20,9,015,000026,15,TRUE,ALVARO NAVAJAS LAPORTE,, ,0000000000,FALSE
03,senate,1977-06-15,1,20,9,006,000029,6,TRUE,JUAN MARIA BANDRES MOLET,, ,0000000000,TRUE
03,senate,1977-06-15,1,20,9,010,000029,10,TRUE,CRUZ JAUREGUI BERECIARTUA,, ,0000000000,FALSE
03,senate,1977-06-15,1,20,9,017,000029,17,TRUE,JORGE OTEIZA EMBIL,, ,0000000000,FALSE
03,senate,1977-06-15,1,20,9,004,000030,4,TRUE,JOSE LUIS ALVAREZ EMPARAN,ZA, ,0000000000,FALSE
03,senate,1977-06-15,1,20,9,012,000030,12,TRUE,EUKENI MIRENA LASA LASA,, ,0000000000,FALSE
03,senate,1977-06-15,1,20,9,002,000041,2,TRUE,RAMON ALBISTUR ESPARZA,, ,0000000000,FALSE
03,senate,1977-06-15,1,20,9,011,000041,11,TRUE,LUIS LARRAÑAGA BILBAO,, ,0000000000,FALSE
03,senate,1977-06-15,1,20,9,016,000041,16,TRUE,JOSE ORBEGOZO EGUIGUREN,, ,0000000000,FALSE
03,senate,1977-06-15,1,20,9,003,000062,3,TRUE,ENRIQUE ALBIZU PERURENA,, ,0000000000,FALSE
03,senate,1977-06-15,1,20,9,005,000062,5,TRUE,LUIS ARAMBURU ALTUNA,, ,0000000000,FALSE
03,senate,1977-06-15,1,20,9,009,000142,9,TRUE,ENRIQUE IPARRAGUIRRE GARC,IA, ,0000000000,TRUE
03,senate,1977-06-15,1,20,9,014,000142,14,TRUE,GREGORIO JAVIER MONREAL Y,CIA, ,0000000000,TRUE
03,senate,1977-06-15,1,20,9,018,000142,18,TRUE,FEDERICO ZABALA ALCIBAR,, ,0000000000,TRUE
03,senate,1977-06-15,1,48,9,010,000007,10,TRUE,PEDRO MARIA CARMELO DE IR,UJO Y OLLO, ,0000000000,FALSE
03,senate,1977-06-15,1,48,9,004,000009,4,TRUE,JAIME CIBRIAN SAIZ,, ,0000000000,FALSE
03,senate,1977-06-15,1,48,9,007,000009,7,TRUE,JOSE MARIA GONZALEZ BARAN,DIARAN, ,0000000000,FALSE
03,senate,1977-06-15,1,48,9,021,000009,21,TRUE,PEDRO DE ZUBIRIA GARNICA,, ,0000000000,FALSE
03,senate,1977-06-15,1,48,9,012,000012,12,TRUE,JOSE LUIS MINTEGUI IRAIZO,Z, ,0000000000,FALSE
03,senate,1977-06-15,1,48,9,002,000020,2,TRUE,JOSE LUIS PEDRO BARRADO I,BARRA, ,0000000000,FALSE
03,senate,1977-06-15,1,48,9,006,000020,6,TRUE,MANUEL GARCIA ANTUÑANO,, ,0000000000,FALSE
03,senate,1977-06-15,1,48,9,008,000020,8,TRUE,ARMANDO GONZALEZ FERNANDE,Z, ,0000000000,FALSE
03,senate,1977-06-15,1,48,9,017,000020,17,TRUE,CARLOS UMARAN GARCIA-ITUR,RI, ,0000000000,FALSE
03,senate,1977-06-15,1,48,9,003,000025,3,TRUE,ADOLFO CAREAGA FONTECHA,, ,0000000000,FALSE
03,senate,1977-06-15,1,48,9,009,000025,9,TRUE,ISIDRO INFANTE OLARTE,, ,0000000000,FALSE
03,senate,1977-06-15,1,48,9,015,000025,15,TRUE,PALOMA RODRIGUEZ-ESCUDERO,SANCHEZ, ,0000000000,FALSE
03,senate,1977-06-15,1,48,9,001,000062,1,TRUE,LUIS ARANA ZUBIRIA,, ,0000000000,FALSE
03,senate,1977-06-15,1,48,9,014,000062,14,TRUE,JOSE RODRIGUEZ MARTINEZ,, ,0000000000,FALSE
03,senate,1977-06-15,1,48,9,018,000062,18,TRUE,JOSE UNANUE RUIZ,, ,0000000000,FALSE
03,senate,1977-06-15,1,48,9,011,000080,11,TRUE,PABLO LUCAS VERDU,, ,0000000000,FALSE
03,senate,1977-06-15,1,48,9,013,000080,13,TRUE,JUAN MIGUEL MORENO LOMBAR,DERO, ,0000000000,FALSE
03,senate,1977-06-15,1,48,9,005,000087,5,TRUE,MARTIN FERNANDEZ PALACIO,, ,0000000000,TRUE
03,senate,1977-06-15,1,48,9,016,000142,16,TRUE,RAMON RUBIAL CAVIA,, ,0000000000,TRUE
03,senate,1977-06-15,1,48,9,019,000142,19,TRUE,MIGUEL UNZUETA UZCANGA,, ,0000000000,TRUE
03,senate,1977-06-15,1,48,9,020,000142,20,TRUE,JUAN MARIA VIDARTE DE UGA,RTE, ,0000000000,TRUE
03,senate,1977-06-15,1,30,9,001,000009,1,TRUE,OCTAVIO CARPENA ARTES,, ,0000000000,FALSE
03,senate,1977-06-15,1,30,9,005,000009,5,TRUE,JUAN FLORIT GARCIA,, ,0000000000,FALSE
03,senate,1977-06-15,1,30,9,009,000009,9,TRUE,MARIANO PASQUAL DEL RIQUE,LME BARREDA, ,0000000000,FALSE
03,senate,1977-06-15,1,30,9,004,000012,4,TRUE,GUZMAN FERNANDEZ GARCIA,, ,0000000000,FALSE
03,senate,1977-06-15,1,30,9,017,000012,17,TRUE,MANUEL TALAVERA GARCIA,, ,0000000000,FALSE
03,senate,1977-06-15,1,30,9,015,000038,15,TRUE,MIGUEL SANCHO RUANO,, ,0000000000,FALSE
03,senate,1977-06-15,1,30,9,003,000062,3,TRUE,FRANCISCO CUERVO-ARANGO C,ASO DE LOS COBOS, ,0000000000,FALSE
03,senate,1977-06-15,1,30,9,014,000084,14,TRUE,LUIS ROMERO ARENAZA,, ,0000000000,FALSE
03,senate,1977-06-15,1,30,9,002,000087,2,TRUE,RICARDO DE LA CIERVA Y HO,CES, ,0000000000,TRUE
03,senate,1977-06-15,1,30,9,008,000087,8,TRUE,JOSE MARTINEZ GARRE,, ,0000000000,TRUE
03,senate,1977-06-15,1,30,9,012,000087,12,TRUE,SALVADOR RIPOLL MARIN,, ,0000000000,TRUE
03,senate,1977-06-15,1,30,9,011,000100,11,TRUE,GABRIEL PINAZO NUÑEZ,, ,0000000000,FALSE
03,senate,1977-06-15,1,30,9,013,000100,13,TRUE,FRANCISCO RODRIGUEZ LOPEZ,, ,0000000000,FALSE
03,senate,1977-06-15,1,30,9,016,000100,16,TRUE,HUBERTO SANZ BENITEZ,, ,0000000000,FALSE
03,senate,1977-06-15,1,30,9,006,000115,6,TRUE,ANTONIO LOPEZ PINA,, ,0000000000,TRUE
03,senate,1977-06-15,1,30,9,007,000115,7,TRUE,ANTONIO MAESO CARBONELL,, ,0000000000,FALSE
03,senate,1977-06-15,1,30,9,010,000115,10,TRUE,JOSE PEREZ FERNANDEZ,, ,0000000000,FALSE
03,senate,1977-06-15,1,26,9,003,000009,3,TRUE,RUFINO SANTIAGO BRIONES M,ATUTE GARCIA-ESCUDERO, ,0000000000,FALSE
03,senate,1977-06-15,1,26,9,010,000009,10,TRUE,JOSE RAMON HERRERO FONTAN,A, ,0000000000,FALSE
03,senate,1977-06-15,1,26,9,013,000009,13,TRUE,RAFAEL MONTOYA SAENZ,, ,0000000000,FALSE
03,senate,1977-06-15,1,26,9,012,000012,12,TRUE,ELISEO MARTINEZ AROSTEGUI,, ,0000000000,FALSE
03,senate,1977-06-15,1,26,9,016,000012,16,TRUE,TEODORO BUENAVENTURA SABR,AS FARIAS, ,0000000000,FALSE
03,senate,1977-06-15,1,26,9,006,000080,6,TRUE,RAMON NICOLAS GARCIA GOME,Z, ,0000000000,FALSE
03,senate,1977-06-15,1,26,9,007,000080,7,TRUE,JESUS GIL GIBERNAU,, ,0000000000,FALSE
03,senate,1977-06-15,1,26,9,009,000080,9,TRUE,FLORIAN ARMENGOL JULIO GO,MEZ SORIA, ,0000000000,FALSE
03,senate,1977-06-15,1,26,9,001,000087,1,TRUE,DOMINGO GUZMAN ALVAREZ RU,IZ DE VIÑASTRE, ,0000000000,TRUE
03,senate,1977-06-15,1,26,9,005,000087,5,TRUE,CARMELO FERNANDEZ HERRERO,, ,0000000000,TRUE
03,senate,1977-06-15,1,26,9,011,000087,11,TRUE,AURELIO IBARRONDO FRAGUEL,A, ,0000000000,TRUE
03,senate,1977-06-15,1,26,9,002,000148,2,TRUE,MIGUEL BOYER SALVADOR,, ,0000000000,FALSE
03,senate,1977-06-15,1,26,9,008,000148,8,TRUE,FELIX GOMEZ ESCOLAR Y DIE,Z DEL CORRAL, ,0000000000,FALSE
03,senate,1977-06-15,1,26,9,014,000148,14,TRUE,FELIX PALOMO SAAVEDRA,, ,0000000000,TRUE
03,senate,1977-06-15,1,26,9,015,000148,15,TRUE,LUCIO PARRA MAESTU,, ,0000000000,FALSE
03,senate,1977-06-15,1,26,9,004,000156,4,TRUE,EDUARDO M. CASTILLEJO SAR,RALDE, ,0000000000,FALSE
03,senate,1977-06-15,1,03,9,007,000008,7,TRUE,FRANCISCO LLOPIS LLORET,, ,0000000000,FALSE
03,senate,1977-06-15,1,03,9,012,000008,12,TRUE,FRANCISCO MARTINEZ SASTRE,, ,0000000000,FALSE
03,senate,1977-06-15,1,03,9,015,000008,15,TRUE,FRANCISCO SAURA JUAN,, ,0000000000,FALSE
03,senate,1977-06-15,1,03,9,003,000009,3,TRUE,VICENTE BUHIGUES CARRIO,, ,0000000000,FALSE
03,senate,1977-06-15,1,03,9,005,000009,5,TRUE,FRANCISCO HELLIN ALMODOVA,R, ,0000000000,FALSE
03,senate,1977-06-15,1,03,9,009,000009,9,TRUE,CARMEN LLORCA VILAPLANA,, ,0000000000,FALSE
03,senate,1977-06-15,1,03,9,006,000012,6,TRUE,RODOLFO LLOPIS FERRANDIZ,, ,0000000000,FALSE
03,senate,1977-06-15,1,03,9,011,000012,11,TRUE,MANUEL MARTINEZ MINGOT,, ,0000000000,FALSE
03,senate,1977-06-15,1,03,9,017,000012,17,TRUE,ILDEFONSO TORREGROSA GARC,IA, ,0000000000,FALSE
03,senate,1977-06-15,1,03,9,001,000078,1,TRUE,JULIAN ANDUGAR RUIZ,, ,0000000000,TRUE
03,senate,1977-06-15,1,03,9,014,000078,14,TRUE,JOSE VICENTE MATEO NAVARR,O, ,0000000000,TRUE
03,senate,1977-06-15,1,03,9,008,000084,8,TRUE,JOSE LLORCA SOLER,, ,0000000000,FALSE
03,senate,1977-06-15,1,03,9,010,000084,10,TRUE,FRANCISCO MALLOL SALA,, ,0000000000,FALSE
03,senate,1977-06-15,1,03,9,004,000087,4,TRUE,ROQUE CALPENA JIMENEZ,, ,0000000000,TRUE
03,senate,1977-06-15,1,03,9,013,000087,13,TRUE,MANUEL MARTINEZ VALERO,, ,0000000000,FALSE
03,senate,1977-06-15,1,03,9,018,000087,18,TRUE,JUAN CARLOS TUR AYELA,, ,0000000000,FALSE
03,senate,1977-06-15,1,03,9,016,000097,16,TRUE,RAFAEL TEROL AZNAR,, ,0000000000,FALSE
03,senate,1977-06-15,1,03,9,002,000100,2,TRUE,JOSE VICENTE BEVIA PASTOR,, ,0000000000,TRUE
03,senate,1977-06-15,1,12,9,004,000009,4,TRUE,SEBASTIAN CARPI VILAR,, ,0000000000,FALSE
03,senate,1977-06-15,1,12,9,011,000009,11,TRUE,VICENTE GARCIA ARQUIMBAU,, ,0000000000,FALSE
03,senate,1977-06-15,1,12,9,018,000009,18,TRUE,JOSE MARIA MELIS SAERA,, ,0000000000,FALSE
03,senate,1977-06-15,1,12,9,006,000012,6,TRUE,CANDIDO DOMINGUEZ MICO,, ,0000000000,FALSE
03,senate,1977-06-15,1,12,9,022,000012,22,TRUE,JUAN RIBO CEBRIAN,, ,0000000000,FALSE
03,senate,1977-06-15,1,12,9,023,000012,23,TRUE,JOSE ROMERO GARCIA,, ,0000000000,FALSE
03,senate,1977-06-15,1,12,9,001,000035,1,TRUE,JUAN BLASCO PORCAR,, ,0000000000,FALSE
03,senate,1977-06-15,1,12,9,003,000035,3,TRUE,MANUEL BORRAS MONDRAGON,, ,0000000000,FALSE
03,senate,1977-06-15,1,12,9,024,000035,24,TRUE,MARIA SUAREZ VAQUER,, ,0000000000,FALSE
03,senate,1977-06-15,1,12,9,009,000078,9,TRUE,ERNESTO FENOLLOSA ALCALDE,, ,0000000000,TRUE
03,senate,1977-06-15,1,12,9,010,000078,10,TRUE,FERNANDO FLORS GOTERRIS,, ,0000000000,TRUE
03,senate,1977-06-15,1,12,9,013,000078,13,TRUE,VICENTE GREGORI LLUCH,, ,0000000000,FALSE
03,senate,1977-06-15,1,12,9,016,000078,16,TRUE,ENRIQUE MARCO SOLER,, ,0000000000,TRUE
03,senate,1977-06-15,1,12,9,025,000080,25,TRUE,JAVIER TARREGA BERNAL,, ,0000000000,FALSE
03,senate,1977-06-15,1,12,9,026,000084,26,TRUE,JOSE MARIA VERDES CID,, ,0000000000,FALSE
03,senate,1977-06-15,1,12,9,005,000087,5,TRUE,JOSE DOLZ MOROS,, ,0000000000,FALSE
03,senate,1977-06-15,1,12,9,008,000087,8,TRUE,JOAQUIN FARNOS GAUCHIA,, ,0000000000,TRUE
03,senate,1977-06-15,1,12,9,012,000087,12,TRUE,JOSE ANTONIO GONZALEZ MON,TERROSO, ,0000000000,FALSE
03,senate,1977-06-15,1,12,9,017,000087,17,TRUE,ANGEL MATEO LOPEZ,, ,0000000000,FALSE
03,senate,1977-06-15,1,12,9,019,000087,19,TRUE,VIRGILIO OÑATE GIL,, ,0000000000,FALSE
03,senate,1977-06-15,1,12,9,007,000097,7,TRUE,ENRIQUE ESCRIBANO CATALAN,, ,0000000000,FALSE
03,senate,1977-06-15,1,12,9,002,000102,2,TRUE,VICENTE BORDILS RAMON,, ,0000000000,FALSE
03,senate,1977-06-15,1,12,9,014,000102,14,TRUE,JOSE GUALLAR SEGARRA,, ,0000000000,FALSE
03,senate,1977-06-15,1,12,9,021,000102,21,TRUE,GERMAN REGUILLO SIMON,, ,0000000000,FALSE
03,senate,1977-06-15,1,12,9,027,000149,27,TRUE,VICENTE ZARAGOZA MICHAVIL,A, ,0000000000,FALSE
03,senate,1977-06-15,1,12,9,015,000150,15,TRUE,MACARIO GUARDIOLA CUCALA,, ,0000000000,FALSE
03,senate,1977-06-15,1,12,9,020,000150,20,TRUE,PEDRO PALAU AÑO,, ,0000000000,FALSE
03,senate,1977-06-15,1,46,9,008,000006,8,TRUE,JOAQUIN LOPEZ ROSAT,, ,0000000000,FALSE
03,senate,1977-06-15,1,46,9,025,000006,25,TRUE,EMILIO SANTODOMINGO HERVA,S, ,0000000000,FALSE
03,senate,1977-06-15,1,46,9,028,000006,28,TRUE,EDUARDO WIEDEN NAVARRO,, ,0000000000,FALSE
03,senate,1977-06-15,1,46,9,002,000008,2,TRUE,JUAN CAÑADA VALLE,, ,0000000000,FALSE
03,senate,1977-06-15,1,46,9,012,000008,12,TRUE,JUAN MARTI BELDA,, ,0000000000,FALSE
03,senate,1977-06-15,1,46,9,029,000008,29,TRUE,GUZMAN ZAMORANO RUIZ,, ,0000000000,FALSE
03,senate,1977-06-15,1,46,9,005,000009,5,TRUE,VICENTE GINER BOIRA,, ,0000000000,FALSE
03,senate,1977-06-15,1,46,9,007,000009,7,TRUE,JOSE VICENTE IZQUIERDO SA,NTONJA, ,0000000000,FALSE
03,senate,1977-06-15,1,46,9,016,000009,16,TRUE,JULIO DE MIGUEL MARTINEZ,DE BUJANDA, ,0000000000,FALSE
03,senate,1977-06-15,1,46,9,001,000020,1,TRUE,ADOLFO AGUADO FERNANDEZ C,ORDERO, ,0000000000,FALSE
03,senate,1977-06-15,1,46,9,011,000020,11,TRUE,TOMAS MARCO ALAGON,, ,0000000000,FALSE
03,senate,1977-06-15,1,46,9,021,000020,21,TRUE,MARIA ISABEL PEREZ MIRO,, ,0000000000,FALSE
03,senate,1977-06-15,1,46,9,013,000078,13,TRUE,JUSTO MARTINEZ AMUTIO,, ,0000000000,TRUE
03,senate,1977-06-15,1,46,9,018,000078,18,TRUE,SALVADOR MORAGUES BERTO,, ,0000000000,TRUE
03,senate,1977-06-15,1,46,9,023,000078,23,TRUE,JOSE MARIA RUIZ RAMIREZ,, ,0000000000,TRUE
03,senate,1977-06-15,1,46,9,014,000079,14,TRUE,FRANCISCO MARTINEZ ORRICO,, ,0000000000,FALSE
03,senate,1977-06-15,1,46,9,017,000079,17,TRUE,VICENTE MORA GARCIA,, ,0000000000,FALSE
03,senate,1977-06-15,1,46,9,020,000079,20,TRUE,EDUARDO PASTOR SANCHEZ,, ,0000000000,FALSE
03,senate,1977-06-15,1,46,9,022,000079,22,TRUE,ENRIQUE PEREZ PASTOR,, ,0000000000,FALSE
03,senate,1977-06-15,1,46,9,015,000081,15,TRUE,JOSE MICO CATALAN,, ,0000000000,FALSE
03,senate,1977-06-15,1,46,9,019,000087,19,TRUE,JOSE ANTONIO NOGUERA DE R,OIG, ,0000000000,TRUE
03,senate,1977-06-15,1,46,9,026,000087,26,TRUE,FRANCISCO SOLER FANDO,, ,0000000000,FALSE
03,senate,1977-06-15,1,46,9,027,000087,27,TRUE,FERNANDO VICENTE ARCHE DO,MINGO, ,0000000000,FALSE
03,senate,1977-06-15,1,46,9,024,000115,24,TRUE,VICENTE SALINAS LACASTA,, ,0000000000,FALSE
03,senate,1977-06-15,1,46,9,004,000151,4,TRUE,LUIS FONT DE MORA MONTESI,NOS, ,0000000000,FALSE
03,senate,1977-06-15,1,46,9,009,000151,9,TRUE,JOAQUIN MALDONADO ALMENAR,, ,0000000000,FALSE
03,senate,1977-06-15,1,46,9,003,000152,3,TRUE,LORENZO FERRER FIGUERAS,, ,0000000000,FALSE
03,senate,1977-06-15,1,46,9,006,000152,6,TRUE,MANUEL HERNANDEZ MARTINEZ,, ,0000000000,FALSE
03,senate,1977-06-15,1,46,9,010,000153,10,TRUE,VICENTE MANGLADO BALDOVI,, ,0000000000,FALSE
03,senate,1977-06-15,1,51,9,005,000010,5,TRUE,BLAS CATARECHA GOSGAYA,, ,0000000000,FALSE
03,senate,1977-06-15,1,51,9,006,000010,6,TRUE,LUIS FORT BOLLIT,, ,0000000000,FALSE
03,senate,1977-06-15,1,51,9,001,000078,1,TRUE,NEMESIO ALVAREZ AMOR,, ,0000000000,FALSE
03,senate,1977-06-15,1,51,9,007,000078,7,TRUE,FRANCISCO FRAIZ ARMADA,, ,0000000000,FALSE
03,senate,1977-06-15,1,51,9,003,000080,3,TRUE,CLEMENTE CALVO PECINO,, ,0000000000,FALSE
03,senate,1977-06-15,1,51,9,004,000080,4,TRUE,MATIAS CALVO PECINO,, ,0000000000,FALSE
03,senate,1977-06-15,1,51,9,002,000087,2,TRUE,SERAFIN BECERRA LAGO,, ,0000000000,TRUE
03,senate,1977-06-15,1,51,9,008,000087,8,TRUE,FRANCISCO LERIA Y ORTIZ D,E SARACHO, ,0000000000,TRUE
03,senate,1977-06-15,1,52,9,006,000009,6,TRUE,ROBERTO MORENO VALDES,, ,0000000000,FALSE
03,senate,1977-06-15,1,52,9,007,000009,7,TRUE,RAMON RICO VIGIL,, ,0000000000,FALSE
03,senate,1977-06-15,1,52,9,005,000078,5,TRUE,MARIA DEL CARMEN MINGOTE,NAVARRO, ,0000000000,FALSE
03,senate,1977-06-15,1,52,9,009,000078,9,TRUE,MANUEL JUAN SORIA PEREZ,, ,0000000000,FALSE
03,senate,1977-06-15,1,52,9,001,000080,1,TRUE,MANUEL AGUIRRE RODRIGUEZ,, ,0000000000,FALSE
03,senate,1977-06-15,1,52,9,002,000080,2,TRUE,ENRIQUE GARCI-MUÑOZ JIMEN,EZ, ,0000000000,FALSE
03,senate,1977-06-15,1,52,9,003,000087,3,TRUE,RAFAEL GINEL CAÑAMAQUE,, ,0000000000,TRUE
03,senate,1977-06-15,1,52,9,008,000087,8,TRUE,JUAN RIOS GARCIA,, ,0000000000,TRUE
03,senate,1977-06-15,1,52,9,004,000154,4,TRUE,EDUARDO LEON SOLA,, ,0000000000,FALSE
